scenario,P001,P002,P003,P004,P005,P006,P007,P008,P009,P010,P011,P012,P013,P014,P015,P016,P017,P018,P019,P020,P021,P022,P023,P024,P025,P026,P027,P028,P029,P030,P031,P032,P033,P034,P035,P036,P037,P038,P039,P040,P041,P042,P043,P044,P045,P046,P047,P048,P049,P050,P051,P052,P053,P054,P055,P056,P057,P058,P059,P060,P061,P062,P063,P064,P065,P066,P067,P068,P069,P070,P071,P072,P073,P074,P075,P076,P077,P078,P079,P080,P081,P082,P083,P084,P085,P086,P087,P088,P089,P090,P091,P092,P093,P094,P095,P096,P097,P098,P099,P100
S001,102.60,92.24,86.03,85.39,89.99,86.03,85.03,84.09,85.41,85.00,84.54,84.54,85.41,85.00,84.54,84.54,87.39,87.36,88.56,89.99,86.31,89.06,86.42,88.83,84.26,90.76,97.55,108.74,97.03,117.49,133.23,152.09,160.95,181.48,180.23,170.54,200.25,143.35,117.50,95.25,139.48,105.01,93.66,82.85,103.22,93.06,81.21,66.65,83.50,72.08,65.32,61.37,68.21,65.22,65.45,65.22,65.60,67.72,69.44,70.84,64.49,70.25,74.63,81.14,65.30,74.63,88.02,98.94,62.15,89.53,103.08,116.72,85.49,115.87,144.98,195.26,146.95,200.00,285.00,381.00,408.50,376.39,321.94,253.14,218.02,155.25,126.82,108.00,130.68,121.40,102.98,97.08,108.84,101.51,95.36,88.33,94.57,91.55,91.11,85.36
S002,2.93,0.10,-0.05,-0.08,0.00,-0.01,-0.01,-0.02,-0.01,-0.01,-0.04,-0.11,-0.01,-0.01,-0.04,-0.11,-0.07,-0.09,-0.10,-0.13,-0.93,-0.97,-1.03,-1.58,-1.52,-2.02,-2.02,-2.06,-2.15,-2.02,-1.48,-2.01,-0.25,-0.81,-1.00,-1.04,-0.70,-0.09,-0.08,-0.33,-0.10,-0.43,-0.05,-0.07,-0.01,-0.10,-0.14,-0.11,-0.01,-0.26,-0.08,-0.04,-0.19,-0.06,-0.03,-0.04,-0.24,-0.23,-0.40,-0.89,-0.13,-1.02,-2.02,-5.01,-1.82,-5.02,-2.51,-1.07,-0.25,-0.01,-0.04,-0.08,-1.08,-0.01,0.00,0.72,-0.03,0.00,2.20,2.25,2.44,2.74,4.02,3.72,1.30,0.00,0.00,-0.01,0.10,0.00,-0.01,-0.47,-0.06,-0.08,-0.01,-0.06,-0.01,-0.03,-0.08,-1.25
S003,30.98,24.53,15.77,12.10,13.85,10.57,9.11,6.66,7.00,8.70,10.58,10.13,7.00,8.70,10.58,10.13,10.53,10.52,11.03,10.85,11.02,18.12,17.86,20.20,7.81,9.90,22.80,49.90,18.39,76.60,78.19,101.16,89.97,105.32,108.93,115.99,126.58,127.91,120.80,111.78,135.73,121.42,119.60,107.72,114.69,104.80,95.23,87.39,98.55,92.75,84.89,81.02,82.57,86.67,86.12,93.94,84.06,88.05,83.88,82.40,82.78,89.59,100.96,95.98,89.47,92.03,95.69,101.00,86.45,97.87,110.69,124.08,93.91,112.95,121.84,152.46,109.36,118.41,147.80,190.78,168.90,175.37,169.00,159.99,156.93,131.10,125.87,120.81,128.00,123.93,115.65,113.23,135.26,114.58,115.20,109.62,112.33,105.04,103.67,100.96
S004,109.22,100.01,90.88,88.75,91.70,93.33,92.32,92.98,96.05,92.32,92.28,92.40,96.05,92.32,92.28,92.40,93.36,89.90,89.97,90.04,86.94,89.03,92.49,102.34,87.41,91.81,104.30,121.09,102.35,121.42,132.35,146.20,125.35,146.35,156.11,152.19,172.25,152.98,143.80,130.57,166.46,134.41,122.99,106.09,131.55,113.86,102.30,91.04,106.52,102.13,91.64,87.56,100.33,92.20,87.93,83.63,89.01,88.22,84.65,71.53,77.77,83.77,84.15,87.11,79.61,84.13,89.22,102.35,87.51,88.37,92.11,100.31,87.53,110.57,112.00,129.94,115.48,124.26,126.56,125.33,125.71,126.43,122.58,117.73,119.72,114.76,110.14,104.83,107.15,101.69,96.39,87.14,113.22,95.43,90.93,87.75,98.98,90.55,87.65,77.62
S005,104.05,93.08,90.19,86.49,91.31,87.58,91.61,90.54,93.67,91.92,89.27,88.47,93.67,91.92,89.27,88.47,89.67,89.00,87.72,90.10,93.00,88.57,93.40,98.84,89.06,93.71,96.79,112.82,84.71,114.21,142.96,183.76,144.36,213.90,252.53,263.76,256.61,228.95,175.68,136.99,202.36,153.44,135.96,108.98,141.47,132.41,118.19,108.32,127.09,111.15,103.47,98.29,103.56,95.83,92.44,88.57,95.05,92.20,87.57,84.61,82.75,87.75,95.87,102.02,88.30,95.13,104.88,119.06,92.20,107.46,123.29,148.66,106.78,130.89,198.43,286.30,195.22,260.78,361.99,404.97,396.92,344.43,270.65,214.30,273.43,201.95,143.39,129.04,176.20,139.36,118.96,114.18,134.99,128.17,117.30,107.49,123.09,109.69,107.42,104.90
S006,120.26,116.09,113.53,111.97,117.16,112.45,110.16,107.69,110.15,108.38,106.29,105.90,110.15,108.38,106.29,105.90,105.98,104.94,101.43,102.12,102.06,104.76,107.21,111.89,108.85,112.74,116.60,119.40,117.12,131.33,164.35,195.04,211.75,270.10,319.58,313.53,354.61,304.77,247.13,198.28,252.11,197.67,143.43,131.00,184.44,141.01,131.88,112.10,145.77,130.42,117.22,111.01,127.91,124.04,115.92,109.83,118.01,115.82,111.00,106.68,107.51,109.68,116.98,127.40,103.70,107.64,124.93,154.30,101.51,118.71,147.98,174.57,105.02,130.30,183.17,261.51,156.76,189.62,246.84,294.29,293.57,242.91,182.93,160.59,213.51,158.01,124.95,114.91,153.28,131.41,118.17,94.51,114.72,101.31,95.35,81.46,95.39,87.17,87.10,83.02
S007,90.22,91.63,88.93,81.88,90.67,87.14,85.09,80.33,90.41,88.70,87.91,84.98,90.41,88.70,87.91,84.98,90.01,88.69,88.69,79.23,86.13,88.05,88.49,90.67,80.24,81.25,85.10,93.59,79.19,89.99,98.27,117.32,101.88,116.05,121.06,125.50,148.39,146.12,132.74,103.82,147.50,132.71,106.38,93.13,118.00,93.73,81.21,76.01,102.38,86.71,85.48,78.66,89.01,82.76,83.44,78.40,84.28,82.54,80.68,78.40,76.96,79.25,81.56,94.15,72.10,82.42,85.09,92.50,68.12,79.48,92.41,116.10,78.40,116.06,132.51,156.69,109.60,128.70,135.91,145.79,137.23,144.29,144.65,136.19,145.04,123.38,128.00,105.96,124.53,106.18,90.47,87.75,96.50,100.23,105.99,96.70,100.87,95.47,93.20,83.91
S008,93.61,103.62,93.40,87.83,96.35,89.71,86.82,86.56,97.20,89.80,86.87,85.38,97.20,89.80,86.87,85.38,86.51,86.83,89.62,90.38,85.41,86.07,89.29,92.63,82.36,85.06,93.41,92.43,80.22,85.40,95.70,106.50,93.19,108.74,115.87,120.09,121.19,117.52,116.50,102.97,124.99,115.67,92.87,75.44,114.91,91.69,82.88,76.39,87.99,82.61,79.79,72.76,78.44,75.85,73.78,67.69,68.67,65.60,67.53,68.33,64.41,70.40,75.14,79.24,71.22,78.41,86.27,98.10,66.90,84.65,106.15,128.50,87.28,110.94,122.23,162.11,126.18,132.02,138.52,136.22,138.39,127.22,118.06,115.62,133.00,115.38,105.98,97.62,99.16,97.02,89.14,84.89,104.16,95.86,96.88,85.41,105.87,96.35,89.31,85.89
S009,82.95,69.03,70.04,58.13,70.30,66.48,60.52,58.60,66.31,60.07,59.89,57.65,66.31,60.07,59.89,57.65,61.87,59.37,58.65,60.12,55.86,58.61,59.02,68.92,57.19,75.29,80.53,86.23,55.14,86.43,88.68,74.76,79.96,85.34,94.69,107.48,150.53,138.82,115.82,95.22,117.97,101.76,78.04,70.97,86.40,77.35,66.47,62.38,77.19,70.31,69.92,62.32,62.63,60.09,57.95,60.48,60.18,61.91,68.66,70.34,65.71,72.04,75.68,90.91,74.77,85.39,106.98,121.42,86.63,105.01,130.11,156.29,108.95,130.19,138.29,147.06,130.04,130.48,128.39,111.45,127.00,105.96,94.84,84.20,105.09,80.51,72.23,71.33,86.28,95.07,69.32,54.34,86.37,72.68,62.62,51.84,53.35,56.81,54.20,39.64
S010,15.96,19.40,12.93,9.05,13.98,10.02,8.99,6.35,10.03,6.88,5.06,4.13,10.03,6.88,5.06,4.13,3.80,0.10,0.10,0.10,2.52,1.34,2.33,2.57,4.13,4.66,7.35,13.96,7.31,17.08,28.18,40.54,50.60,58.61,72.70,78.03,85.70,88.96,85.87,78.95,88.37,81.15,71.86,64.81,75.80,63.27,52.97,41.17,56.08,44.28,26.58,5.06,5.02,0.00,0.00,-0.01,0.00,-0.01,-0.01,-0.02,-0.02,-0.01,-0.01,0.00,-0.01,0.00,2.24,5.01,5.03,26.67,50.22,67.36,49.82,62.25,70.18,82.79,68.51,70.88,78.44,80.61,85.15,72.73,70.56,70.01,70.01,62.38,49.01,46.80,60.52,51.50,36.69,17.32,36.41,28.45,30.82,20.01,23.19,7.52,5.27,3.89
S011,3.26,4.21,3.84,2.79,2.34,2.11,0.78,0.05,2.28,1.32,0.10,0.00,2.28,1.32,0.10,0.00,0.00,0.00,0.00,-0.01,-0.01,-0.01,0.00,-0.01,0.00,0.00,0.37,0.29,-0.01,0.00,0.52,1.58,1.60,1.93,0.45,-0.02,3.87,3.23,4.24,4.64,8.46,7.32,7.08,7.47,7.79,7.45,6.24,5.43,5.45,3.58,5.05,4.98,5.03,5.87,7.48,6.00,5.09,4.07,3.77,4.55,1.62,2.50,5.04,6.96,1.39,4.96,5.06,4.37,3.88,5.05,4.46,8.84,10.09,23.77,31.55,35.82,48.75,52.25,60.00,60.01,66.19,64.41,60.00,54.46,58.09,39.16,30.87,7.86,32.53,16.06,5.07,2.77,21.83,13.02,17.65,14.23,13.20,8.18,7.01,4.29
S012,2.82,2.55,0.00,0.00,2.83,2.49,1.19,0.79,2.81,1.38,0.72,0.09,2.81,1.38,0.72,0.09,0.00,0.00,0.00,-0.01,-0.10,0.00,1.07,4.26,3.82,4.27,10.77,24.27,15.50,36.20,68.27,100.03,74.10,89.68,89.99,90.49,101.98,101.70,101.87,95.04,109.35,105.01,100.97,92.11,105.00,99.63,95.01,87.31,99.21,97.53,93.01,88.78,88.05,80.05,81.15,81.54,82.55,82.17,81.34,78.43,75.34,80.39,84.72,92.94,73.92,73.99,87.30,99.45,87.30,94.73,103.89,111.01,100.52,106.68,113.06,122.58,114.27,119.64,136.43,135.81,136.77,123.88,102.93,90.41,104.98,107.92,92.68,74.56,88.90,87.33,72.52,63.01,83.93,76.05,76.19,61.75,80.00,68.02,55.61,46.07
S013,54.94,51.65,41.12,28.73,39.94,28.49,26.73,20.37,21.79,18.07,17.40,16.91,21.79,18.07,17.40,16.91,13.19,10.03,8.85,8.82,5.02,6.43,12.33,20.03,12.90,15.49,39.93,53.31,23.63,56.05,74.52,83.89,85.93,83.78,77.07,74.75,99.59,90.63,84.76,82.60,98.48,89.91,84.17,76.90,92.91,81.70,77.58,71.82,78.61,75.21,74.04,73.80,73.34,68.04,65.81,63.05,65.17,62.75,61.25,60.04,56.80,61.87,68.40,70.61,46.06,79.71,84.94,81.68,68.12,84.21,79.22,88.74,81.39,90.07,99.84,104.03,106.56,107.74,115.35,111.27,112.79,109.01,104.73,101.12,100.30,92.97,87.91,86.52,89.67,85.88,78.36,69.44,87.36,77.27,77.04,76.65,78.01,73.46,74.59,66.83
S014,102.81,89.76,81.66,76.73,87.49,82.05,74.00,69.09,80.93,73.07,73.00,71.96,80.93,73.07,73.00,71.96,71.05,72.70,78.15,80.80,72.26,74.82,87.36,84.61,83.15,85.12,98.06,100.97,101.23,120.92,129.30,130.09,124.30,129.62,117.50,106.87,135.99,117.05,98.37,83.65,108.21,86.27,71.42,66.15,79.45,76.26,75.02,71.95,75.08,73.87,73.00,74.40,71.47,71.89,78.92,81.68,75.20,79.99,85.35,96.29,79.49,99.75,115.58,131.98,107.25,123.17,138.94,138.95,133.90,132.72,133.90,127.67,134.49,126.51,122.64,105.06,127.01,116.51,100.98,84.62,97.25,84.65,93.63,84.49,99.41,91.24,80.88,72.66,97.81,90.15,85.87,76.03,94.91,84.16,79.78,68.53,97.16,75.23,55.65,42.37
S015,63.50,53.67,52.37,49.29,52.32,44.57,32.23,23.34,29.31,24.13,33.96,25.69,29.31,24.13,33.96,25.69,50.25,31.33,20.09,18.16,21.17,22.48,20.44,15.52,15.61,24.04,11.41,10.25,14.96,11.44,11.17,8.94,21.14,16.17,13.01,20.10,45.58,37.76,22.06,14.40,45.74,30.08,19.44,12.92,23.72,18.08,16.40,15.00,15.00,15.06,15.00,17.97,14.85,18.00,24.78,26.43,20.25,25.51,39.36,41.84,43.47,56.26,57.32,58.96,47.19,57.23,63.51,68.36,59.80,74.87,84.76,86.91,86.94,89.24,89.72,89.26,87.21,91.00,91.92,86.09,85.29,88.22,86.06,86.03,90.11,91.00,86.93,76.75,86.94,85.10,81.19,79.90,87.04,89.50,82.49,72.69,85.73,81.82,72.29,70.19
S016,58.10,67.03,65.70,66.31,62.34,61.91,57.42,59.64,60.82,61.64,60.11,61.34,60.82,61.64,60.11,61.34,61.98,62.59,64.15,62.21,62.64,64.62,66.55,74.26,66.09,73.98,64.93,70.24,61.28,69.49,73.30,77.32,77.17,74.59,74.93,75.43,81.48,80.07,73.77,73.16,91.61,77.57,75.62,69.03,81.60,76.07,72.26,70.03,75.39,75.60,75.07,73.86,73.94,73.49,73.30,80.12,76.40,79.64,85.57,91.04,82.83,88.80,96.40,102.17,95.98,106.51,112.42,127.70,101.92,110.99,119.03,134.07,118.00,131.39,138.83,140.07,137.52,135.71,130.50,117.90,127.20,125.14,108.00,94.09,110.97,104.42,92.10,86.91,100.06,94.08,95.10,92.08,97.54,95.91,95.90,83.36,99.08,85.47,83.02,72.60
S017,35.10,15.07,9.95,6.00,9.00,6.72,7.42,5.89,5.14,4.35,5.05,5.16,5.14,4.35,5.05,5.16,5.11,5.16,5.76,9.22,5.19,5.17,39.50,34.93,18.77,56.16,69.89,88.91,33.92,79.62,99.44,111.17,106.88,124.53,118.01,107.81,130.78,121.44,102.96,84.82,98.00,96.04,72.95,56.40,73.02,60.64,57.45,51.48,57.79,54.47,50.23,48.99,47.13,47.95,50.10,55.43,44.99,62.80,75.52,84.44,52.89,70.41,86.89,114.01,84.19,100.25,114.35,166.27,92.23,114.00,131.29,172.38,132.00,129.25,131.85,123.30,153.06,127.01,118.00,92.98,132.30,114.00,95.00,85.49,106.01,98.41,87.68,94.91,105.76,91.27,88.90,79.53,91.06,88.73,86.82,78.34,80.65,75.07,79.53,69.24
S018,99.33,92.43,97.99,95.63,100.39,95.00,92.42,90.41,95.08,93.77,92.07,90.41,95.08,93.77,92.07,90.41,91.52,90.40,89.99,92.62,90.49,91.42,90.98,93.70,91.83,91.30,93.20,90.41,90.18,89.14,90.40,90.03,89.97,84.97,88.56,90.96,93.75,100.09,98.75,96.50,101.01,98.91,96.23,94.32,99.49,96.05,97.19,95.40,99.69,98.45,96.33,94.75,98.79,97.63,96.69,98.24,99.38,98.78,93.88,93.57,93.93,93.71,98.58,103.04,89.97,97.24,99.87,104.10,102.66,109.60,112.63,114.50,112.92,124.24,130.73,132.51,125.56,127.51,126.71,124.62,122.09,121.36,114.50,113.87,115.16,116.18,102.88,89.78,102.84,89.97,93.05,88.29,102.83,93.83,89.50,83.10,95.11,89.53,89.49,85.59
S019,92.38,89.98,87.40,86.16,88.71,88.46,86.43,86.94,90.65,89.60,88.25,87.11,90.65,89.60,88.25,87.11,88.17,87.27,87.63,87.02,85.32,85.05,87.02,91.32,86.07,86.54,94.57,102.07,88.27,103.37,122.25,139.92,125.13,140.93,149.45,156.47,176.40,159.14,156.15,139.81,175.95,146.07,132.60,122.57,145.70,127.54,123.34,108.51,122.57,117.76,111.81,108.84,109.43,107.39,102.83,104.04,107.91,107.08,105.47,113.18,102.38,104.13,118.62,137.13,102.85,110.52,128.94,162.70,125.11,129.52,131.96,146.83,146.44,146.30,136.77,128.10,154.37,130.56,103.39,94.58,133.08,102.11,90.58,88.88,89.70,96.40,88.44,85.90,94.00,87.63,88.63,85.69,92.18,89.59,85.90,85.90,92.91,85.62,81.24,75.71
S020,88.54,76.66,68.23,66.48,76.38,69.06,62.55,65.27,65.40,64.06,67.00,61.18,65.40,64.06,67.00,61.18,65.51,62.12,60.97,61.00,60.89,63.22,63.78,61.31,63.99,66.28,74.12,72.81,59.39,77.21,76.40,94.99,105.94,107.55,110.46,105.09,134.39,109.73,103.55,55.22,107.02,83.19,71.36,50.88,88.59,72.20,70.99,54.33,72.22,58.88,55.06,53.86,52.50,54.12,58.91,71.01,53.00,64.83,83.87,93.37,61.48,57.24,80.00,122.98,65.85,92.64,127.00,134.39,100.00,114.00,116.00,124.50,117.21,115.99,119.00,109.38,115.99,109.90,99.05,94.53,99.35,87.42,87.21,81.73,85.50,84.81,86.03,67.44,106.53,86.02,63.00,52.07,102.13,79.43,64.63,55.99,73.57,64.53,51.41,38.23
S021,44.57,36.24,30.88,19.98,25.37,19.03,17.26,14.23,14.20,13.36,9.25,7.94,14.20,13.36,9.25,7.94,8.57,8.09,7.91,6.55,5.64,5.63,5.63,7.10,9.18,15.63,32.10,46.98,33.77,54.99,57.17,57.61,56.18,85.02,86.11,80.07,85.29,67.91,51.65,59.48,58.79,56.76,50.60,48.29,58.51,50.40,47.59,44.79,47.25,36.95,40.07,47.57,42.05,46.86,51.23,52.22,50.41,52.21,68.01,71.66,48.49,64.37,80.27,116.21,66.94,85.44,118.21,136.07,75.35,118.17,129.60,122.93,114.95,128.49,134.41,142.55,125.67,128.47,134.35,138.72,132.32,130.57,130.15,126.51,122.99,107.94,102.16,114.29,131.32,123.82,111.33,99.96,127.32,114.18,103.83,97.01,117.09,109.52,100.01,84.47
S022,97.96,94.94,101.30,99.57,96.96,91.72,98.89,95.64,98.65,97.30,97.09,86.69,98.65,97.30,97.09,86.69,90.79,89.83,90.62,94.88,88.83,90.07,93.05,96.57,95.69,92.08,86.08,92.56,97.64,113.10,112.87,127.50,131.00,140.00,139.99,142.40,153.68,140.31,132.54,119.01,134.74,121.93,119.90,107.04,122.80,115.64,106.17,103.50,110.37,106.29,105.23,102.25,102.10,100.00,99.55,103.25,102.19,101.52,105.28,112.70,103.69,110.70,101.27,112.59,112.71,107.77,117.26,123.83,117.04,124.91,106.90,115.01,135.55,134.26,130.94,125.53,121.17,106.01,117.06,135.00,124.96,102.29,100.00,98.71,101.25,94.69,98.42,101.30,102.70,89.06,92.94,87.95,103.20,101.22,99.72,83.92,98.68,85.12,72.97,57.83
S023,85.67,78.99,78.58,66.27,83.90,81.59,75.97,70.34,81.24,75.07,73.90,68.66,81.24,75.07,73.90,68.66,76.00,69.39,74.16,72.57,77.16,73.94,68.64,69.06,66.21,66.91,69.23,80.11,55.15,66.70,70.26,80.52,77.02,77.91,77.87,75.42,74.37,75.05,86.93,83.91,85.34,80.35,89.91,85.34,86.85,85.94,83.26,86.40,86.32,85.68,86.13,83.56,80.74,81.24,87.28,87.51,85.99,93.42,89.31,93.95,89.91,89.92,89.91,108.87,95.82,106.91,91.28,110.76,106.37,101.50,110.30,121.00,114.26,125.02,125.01,122.91,125.04,126.39,120.84,113.82,117.90,110.60,117.56,110.20,110.98,118.68,108.16,98.68,105.62,103.29,102.64,99.99,108.66,103.21,100.03,94.97,105.39,100.00,98.79,87.29
S024,96.71,93.15,92.08,93.05,97.78,91.71,96.65,93.86,93.27,88.56,95.81,95.76,93.27,88.56,95.81,95.76,96.81,94.75,87.09,87.15,90.81,88.21,87.10,86.74,97.99,90.41,89.05,87.07,81.65,86.92,87.03,87.09,87.08,98.16,88.34,96.37,99.10,99.10,99.83,95.93,102.31,101.76,100.73,99.94,100.30,99.55,97.84,99.42,102.12,103.86,103.62,100.67,105.58,101.20,101.82,101.27,103.21,106.63,102.18,103.97,100.78,109.60,112.81,113.87,107.38,113.55,118.89,127.06,116.32,121.55,124.93,135.18,123.83,128.90,132.94,131.82,129.50,125.13,124.71,121.50,120.20,116.98,116.05,108.09,111.96,103.27,100.00,95.64,94.38,91.04,93.03,87.19,99.99,96.31,90.74,90.50,100.02,86.78,84.78,74.53
S025,89.07,83.52,85.98,80.97,86.66,82.94,82.33,79.39,81.29,79.15,78.88,76.83,81.29,79.15,78.88,76.83,78.21,77.69,77.62,77.35,76.88,78.90,81.58,84.69,76.78,82.95,86.06,88.10,87.15,95.11,91.55,90.38,102.37,98.89,107.79,109.89,132.09,125.60,118.92,102.75,133.83,110.46,97.72,87.79,101.55,89.74,89.31,87.91,87.13,88.17,89.55,90.34,89.11,88.81,89.36,89.52,90.46,92.47,89.12,90.35,89.11,90.62,101.93,104.64,106.38,114.28,125.73,135.99,122.07,136.00,145.01,164.57,146.75,155.29,153.94,150.66,151.31,144.51,139.67,139.72,134.64,132.76,130.93,126.27,122.59,104.66,103.76,97.51,100.38,92.61,95.01,90.57,102.29,96.24,100.08,91.32,97.35,89.12,88.85,84.53
S026,104.02,104.49,102.03,95.67,102.71,95.35,90.08,88.42,93.99,89.09,88.86,89.19,93.99,89.09,88.86,89.19,90.00,89.29,90.39,91.06,88.70,90.08,94.32,101.40,90.77,98.91,103.14,114.64,108.49,121.51,133.60,170.50,149.32,182.25,190.11,200.00,229.62,223.39,200.00,168.52,220.00,190.32,168.30,148.70,179.32,155.78,143.51,125.45,152.43,140.00,132.49,125.96,132.80,128.75,129.27,130.55,125.98,130.74,135.25,150.33,120.80,147.57,172.74,173.90,148.82,172.03,202.58,263.92,196.83,237.86,259.52,313.27,258.17,269.78,245.70,226.38,230.04,214.60,193.80,181.91,184.35,166.06,167.70,167.36,174.20,153.41,123.98,116.21,133.60,120.27,112.35,103.01,115.68,110.43,100.59,92.90,108.70,95.00,90.37,86.06
S027,122.49,106.86,93.44,86.20,98.95,93.73,92.22,93.50,90.37,89.16,87.23,87.00,90.37,89.16,87.23,87.00,86.64,85.07,85.49,83.91,82.19,86.59,86.93,88.68,85.05,84.64,84.60,86.82,85.50,87.04,89.77,99.78,98.17,104.62,110.63,113.57,121.00,114.43,96.64,84.77,115.24,84.93,85.29,71.01,87.16,79.53,80.66,80.69,79.77,79.09,78.74,76.72,76.96,75.92,76.42,75.83,74.00,74.01,74.94,78.52,76.87,75.91,80.71,93.09,83.90,82.78,98.28,90.90,100.45,102.65,103.19,113.71,112.24,117.26,115.11,113.21,118.94,113.23,106.11,98.73,101.99,101.07,96.61,93.65,88.75,84.19,87.17,86.33,94.33,92.37,87.86,82.43,94.48,90.02,89.16,84.05,87.99,83.90,79.69,77.34
S028,95.06,88.83,75.00,67.22,81.22,73.54,71.46,71.19,74.84,71.42,68.69,66.81,74.84,71.42,68.69,66.81,65.18,63.01,63.38,61.35,62.74,61.43,60.66,58.71,63.89,64.22,65.00,63.73,60.40,60.99,62.49,64.24,64.26,68.71,68.59,70.37,71.56,67.95,69.34,62.48,69.30,65.74,66.85,61.95,68.88,68.38,63.25,63.43,64.31,66.75,67.16,68.54,66.76,67.46,68.51,68.72,69.37,64.57,63.85,64.04,66.48,66.80,71.09,73.34,71.30,74.44,80.21,83.21,82.39,75.58,75.42,78.16,78.90,82.15,80.93,81.38,82.35,81.09,78.63,88.10,87.37,86.22,82.11,79.49,82.17,79.08,76.77,71.63,79.20,74.20,72.58,70.66,77.46,76.76,74.62,71.83,72.51,71.86,71.74,68.94
S029,80.12,70.96,69.38,69.37,70.15,69.59,70.13,70.38,69.00,73.02,72.91,74.09,69.00,73.02,72.91,74.09,71.25,71.87,74.98,75.00,70.74,73.97,72.15,78.16,70.71,73.88,83.76,91.91,76.08,90.03,92.38,102.74,94.86,104.42,107.07,111.22,114.99,104.74,105.66,105.75,110.00,106.38,114.17,110.49,115.97,112.53,116.27,125.02,121.42,126.91,130.01,133.81,122.88,131.95,135.49,146.62,131.81,141.00,155.82,171.34,171.09,192.76,159.95,170.35,172.13,190.93,210.19,210.00,176.56,202.53,224.97,299.04,232.05,264.98,275.19,281.71,270.10,229.97,219.96,202.32,213.21,184.54,187.55,167.92,163.26,145.00,155.43,141.05,155.33,137.77,128.89,118.95,134.87,130.29,119.20,107.78,115.10,106.19,103.20,97.13
S030,101.75,99.93,101.91,100.01,102.08,101.55,96.60,96.38,98.69,97.01,97.13,97.52,98.69,97.01,97.13,97.52,99.02,94.23,95.01,96.13,97.69,100.32,97.52,102.51,99.20,101.27,111.96,114.49,89.20,106.16,124.00,170.27,157.69,252.88,361.36,392.15,289.17,351.94,350.01,341.98,296.04,333.01,271.45,270.10,321.30,271.34,254.26,245.44,283.79,333.01,345.98,343.73,333.01,333.01,344.12,393.86,341.30,333.01,307.61,288.69,270.09,316.36,280.54,333.01,310.48,333.88,290.98,304.64,266.20,306.42,350.01,377.70,348.70,399.93,395.01,349.61,333.01,300.42,308.78,249.41,357.06,266.61,205.81,168.01,223.67,175.87,155.80,136.00,168.00,141.87,122.15,108.06,130.41,123.86,116.80,105.55,117.11,105.59,97.14,88.30
S031,102.07,90.14,90.50,88.71,92.32,89.41,89.07,89.00,89.50,88.98,87.42,87.40,89.50,88.98,87.42,87.40,88.93,88.99,90.07,89.75,87.28,88.74,90.26,92.93,87.09,90.59,101.19,110.13,100.89,118.84,133.26,166.30,146.66,182.57,204.00,231.45,213.04,220.62,270.10,245.13,240.51,204.08,206.85,195.95,240.40,199.52,179.53,169.10,177.09,175.28,169.82,159.80,166.55,160.43,165.76,165.99,169.65,177.18,167.44,158.68,161.77,171.43,196.70,208.06,169.44,200.04,236.81,288.60,214.95,277.29,314.03,371.24,291.50,298.58,295.42,292.94,267.96,213.57,226.25,207.94,219.26,190.00,169.81,155.63,175.01,149.99,128.89,111.15,141.00,124.33,103.06,91.40,118.94,105.08,94.27,89.68,99.79,90.90,88.06,82.00
S032,95.22,83.55,77.91,70.24,83.48,78.65,80.62,80.84,84.28,83.11,78.97,78.98,84.28,83.11,78.97,78.98,84.07,80.89,82.18,83.09,83.02,85.40,86.79,87.58,90.25,91.88,84.93,92.93,81.10,87.26,93.64,101.55,79.12,88.55,104.37,112.66,92.70,85.78,89.80,88.32,99.87,101.78,101.98,102.70,109.99,103.69,99.74,92.34,100.80,99.76,94.80,85.69,91.03,85.22,85.25,82.89,93.16,85.26,85.52,87.89,86.10,88.82,93.64,98.35,97.31,107.93,102.44,103.21,91.77,100.12,104.57,114.12,107.43,109.38,108.14,103.39,107.41,98.00,95.02,92.09,92.17,89.88,85.61,86.06,89.88,83.11,76.91,74.55,85.61,82.58,78.31,76.70,86.95,83.91,86.43,76.67,83.10,76.95,76.00,74.86
S033,84.65,78.22,71.64,69.38,74.13,68.56,68.38,68.06,69.34,68.74,67.74,63.93,69.34,68.74,67.74,63.93,68.56,67.03,65.14,60.69,65.55,67.09,68.70,66.66,72.04,71.48,75.74,77.91,71.32,72.86,77.18,80.95,72.40,71.46,77.91,82.13,75.79,83.06,79.77,80.74,82.06,82.40,82.00,76.14,87.79,85.10,83.74,81.06,77.90,80.16,84.11,84.00,78.81,76.41,82.48,85.08,77.91,80.74,83.68,87.74,78.32,87.18,89.08,95.61,81.82,88.59,103.14,100.76,82.79,86.61,99.94,101.90,103.02,103.09,105.03,105.05,106.37,105.07,105.10,108.31,103.08,105.01,103.28,105.14,97.27,97.70,96.74,98.39,95.94,96.66,90.92,88.20,95.51,93.93,91.64,89.31,88.51,86.44,87.27,86.29
S034,90.91,90.44,86.29,84.34,90.79,85.05,85.46,82.79,85.03,81.35,78.91,80.07,85.03,81.35,78.91,80.07,86.29,85.02,82.80,86.45,80.08,81.32,76.83,82.80,81.36,79.44,90.90,103.28,77.90,81.33,92.36,102.91,119.01,119.06,130.98,142.39,170.36,146.72,122.86,117.39,117.00,112.59,104.50,86.29,97.71,95.05,95.02,87.15,90.58,86.30,83.32,83.64,86.29,81.40,84.90,87.48,86.19,86.98,89.91,97.20,98.21,106.89,114.77,109.00,117.43,122.89,126.75,114.22,118.92,119.94,112.45,100.55,89.91,97.82,100.56,89.36,86.91,89.70,91.08,88.28,95.08,85.38,85.91,80.70,91.99,84.07,75.91,77.23,86.86,80.98,69.87,66.09,84.08,72.56,79.69,69.39,82.47,70.76,71.18,62.80
S035,100.72,99.64,96.84,92.33,99.99,95.23,91.26,89.05,93.32,89.90,89.50,90.61,93.32,89.90,89.50,90.61,92.25,90.52,89.91,88.75,89.81,91.73,92.82,94.95,91.17,95.63,99.74,100.48,106.86,108.98,130.01,153.61,129.00,130.04,121.66,132.94,140.21,150.00,148.39,140.21,166.10,169.95,159.90,159.99,136.00,136.90,140.21,140.51,149.68,148.16,145.78,148.75,140.99,136.00,140.86,150.00,142.01,144.40,146.32,148.00,142.62,151.16,158.57,155.92,151.66,160.55,149.76,142.00,152.00,150.68,137.81,140.30,149.99,146.13,141.32,141.35,139.32,138.01,142.01,149.99,150.05,139.78,130.00,120.11,134.10,124.04,111.51,104.76,108.35,106.88,102.99,95.19,113.02,111.95,108.71,102.47,105.94,102.46,96.70,87.93
S036,94.19,81.12,76.96,76.05,85.24,78.47,75.80,68.38,79.57,75.33,70.65,68.97,79.57,75.33,70.65,68.97,75.31,69.13,70.84,64.76,67.54,66.25,68.31,67.61,67.60,64.68,65.35,62.26,61.66,63.98,66.63,66.07,64.29,67.61,67.36,72.22,75.12,76.53,80.78,82.02,82.31,82.64,82.42,76.39,80.55,84.09,83.50,81.04,80.58,82.12,79.98,79.77,79.17,78.61,78.91,85.77,78.57,77.65,82.39,86.69,82.60,86.60,87.50,87.99,88.54,89.27,91.23,95.05,90.01,94.55,93.17,104.62,93.09,97.14,99.00,91.24,95.00,88.10,90.08,83.55,103.11,85.58,84.68,85.25,88.97,80.12,85.43,79.02,88.98,83.69,79.44,70.33,86.89,76.03,72.62,70.44,74.61,74.63,71.62,65.40
S037,76.60,68.61,63.44,60.64,61.89,60.77,60.93,60.39,59.99,59.55,59.13,59.02,59.99,59.55,59.13,59.02,58.38,58.38,58.57,58.91,60.74,61.94,62.62,63.00,60.91,61.51,64.60,61.00,60.47,65.14,64.46,64.81,71.23,65.21,72.59,78.31,70.08,72.74,82.59,86.58,85.01,89.35,84.99,82.87,91.89,91.21,87.83,91.19,86.88,90.63,91.97,98.21,97.11,95.99,98.61,98.04,97.66,96.62,99.41,104.60,101.59,104.22,102.82,107.95,102.78,105.38,106.29,108.49,106.00,107.01,109.42,116.00,116.01,116.27,109.56,105.44,106.60,98.53,95.90,86.49,94.69,83.14,90.12,81.90,83.62,94.52,83.35,73.55,89.21,75.86,72.88,56.93,78.54,67.74,62.87,53.24,57.76,45.86,38.30,25.03
S038,22.03,26.49,20.03,8.53,15.38,15.72,9.26,4.00,16.81,12.36,9.21,8.27,16.81,12.36,9.21,8.27,5.94,5.55,5.40,5.47,6.91,9.32,13.83,21.50,8.97,18.56,35.09,52.00,34.84,69.46,68.06,84.91,64.23,87.29,91.85,87.99,95.03,100.37,103.79,100.81,105.35,102.90,97.05,88.05,95.35,85.96,82.91,79.93,82.01,77.98,77.92,82.05,76.31,77.31,79.42,84.35,83.92,87.79,88.29,87.38,80.49,93.61,100.55,101.67,104.08,94.40,100.10,102.00,95.94,103.02,102.93,102.41,110.03,111.45,108.84,109.08,103.52,98.48,103.12,95.93,98.70,94.74,98.03,95.07,97.85,94.47,85.79,79.27,89.08,91.27,81.95,71.77,94.60,86.49,75.85,63.90,85.37,73.36,71.00,63.28
S039,77.32,71.49,71.92,74.06,71.22,71.55,73.98,74.39,70.25,71.71,73.30,79.59,70.25,71.71,73.30,79.59,72.28,72.86,75.94,78.30,68.65,72.12,75.77,78.34,61.32,70.09,82.41,107.00,74.22,98.19,110.99,111.99,94.03,102.60,108.53,118.00,135.99,133.61,129.80,119.60,126.08,111.45,107.74,100.07,107.52,102.68,102.20,99.84,105.35,103.92,103.22,100.87,99.21,96.04,97.91,98.16,99.26,99.83,101.96,103.35,91.74,99.32,103.99,105.83,104.32,108.71,116.60,113.91,105.46,110.79,109.95,107.00,105.17,104.78,106.25,102.07,101.72,97.71,101.85,86.36,95.90,86.65,81.11,76.75,96.06,82.99,79.55,76.08,93.47,81.16,75.83,66.96,82.46,77.93,69.88,63.06,66.62,59.14,52.60,43.32
S040,81.42,73.09,72.06,69.33,79.38,72.20,72.27,69.82,71.67,71.10,73.30,73.99,71.67,71.10,73.30,73.99,73.21,72.91,74.69,80.02,70.57,74.65,79.00,83.43,79.02,78.95,79.02,85.38,75.90,89.48,91.46,103.52,89.09,94.53,101.85,106.97,102.97,112.96,113.99,111.51,118.17,110.63,104.87,91.00,106.19,93.83,86.80,85.90,96.39,95.06,90.12,86.10,92.43,87.01,88.78,89.38,85.19,86.45,92.63,96.61,84.78,94.02,99.56,112.79,98.15,106.06,115.95,124.90,109.05,109.54,118.12,122.09,110.65,116.93,117.95,116.09,116.59,112.51,111.03,110.14,108.30,105.69,109.08,108.09,113.96,103.82,99.79,97.00,103.57,99.04,92.27,82.69,100.59,91.53,92.79,89.43,101.03,95.01,91.31,87.59
S041,103.81,93.33,89.21,82.78,99.35,92.78,87.52,82.36,92.52,85.52,87.48,84.04,92.52,85.52,87.48,84.04,92.19,87.23,85.95,82.80,86.51,84.34,84.91,84.24,85.07,84.38,83.53,85.69,81.77,75.90,78.93,79.97,74.83,76.48,84.93,88.30,85.42,90.79,100.06,107.54,107.27,107.33,107.93,104.55,108.27,105.62,101.14,95.31,102.85,100.70,97.77,91.05,98.95,93.59,92.78,89.71,94.98,91.95,91.78,93.03,85.37,87.98,100.15,109.53,102.45,115.63,119.19,121.36,113.99,118.00,121.99,124.85,120.03,120.67,118.78,114.31,118.00,115.05,111.39,104.58,116.77,106.70,98.24,92.81,100.19,93.59,86.78,86.27,94.46,94.71,88.16,84.90,107.87,96.29,88.25,82.33,93.76,89.73,82.71,71.35
S042,72.17,75.04,66.89,75.90,75.34,72.69,70.91,68.57,72.07,70.57,70.54,70.97,72.07,70.57,70.54,70.97,70.91,69.76,70.13,71.87,70.22,72.71,76.28,81.91,70.46,70.39,77.49,88.87,71.00,84.02,85.80,105.28,78.89,92.88,104.39,119.00,104.08,104.85,104.37,91.21,103.02,105.41,97.82,80.35,112.79,93.64,80.30,71.73,86.93,77.05,77.58,77.33,76.17,75.35,81.10,86.46,83.59,86.09,87.04,96.32,83.12,88.24,104.96,105.43,103.51,105.69,105.00,115.00,100.55,110.12,111.35,112.60,103.71,105.05,104.07,104.02,103.07,98.27,99.51,91.78,100.05,91.82,86.75,83.05,93.24,86.78,80.29,76.69,87.36,87.32,86.08,79.92,92.00,83.08,82.93,81.90,81.90,84.38,80.12,75.45
S043,80.91,83.07,81.91,76.79,82.17,79.02,78.18,76.84,77.84,76.26,77.19,77.10,77.84,76.26,77.19,77.10,77.41,77.19,80.29,81.32,78.08,82.12,79.15,82.20,78.60,79.27,82.10,89.28,80.29,87.44,89.80,96.07,89.91,90.52,90.31,94.80,100.54,104.48,104.31,92.54,108.42,108.37,98.27,90.00,100.69,93.96,88.78,85.95,91.58,90.03,90.14,90.68,89.72,87.92,91.32,97.09,87.76,90.75,100.58,120.45,100.83,115.01,139.36,142.39,122.14,138.80,143.69,152.88,140.01,140.95,162.35,177.94,157.92,168.54,165.22,157.14,151.11,142.03,138.93,136.93,147.29,140.41,131.70,128.99,130.62,138.77,127.00,119.01,133.59,123.13,115.60,103.45,127.33,116.56,112.72,105.69,113.71,106.54,101.42,92.01
S044,72.50,70.49,69.35,68.57,71.27,68.33,68.67,67.04,69.22,67.47,67.23,67.22,69.22,67.47,67.23,67.22,65.92,65.87,66.33,67.12,70.97,70.04,71.59,73.47,70.44,72.85,77.10,76.06,71.37,75.47,78.52,87.39,80.90,81.24,95.53,104.12,88.57,90.65,100.69,93.46,93.55,90.66,89.66,89.30,101.54,90.70,86.89,77.86,86.43,82.42,84.96,86.19,87.72,84.13,86.88,86.63,90.00,88.32,87.14,89.00,91.07,91.82,92.07,93.53,91.55,102.91,101.00,102.69,94.53,101.39,103.49,105.31,107.04,108.96,109.31,106.26,104.31,102.10,98.73,98.46,94.95,95.04,93.07,92.10,92.07,91.21,88.14,86.49,91.64,84.84,83.16,79.80,91.68,87.89,82.98,76.74,89.00,80.21,74.14,68.52
S045,66.41,66.21,56.85,51.52,58.47,55.70,54.17,55.11,56.03,56.92,57.42,56.83,56.03,56.92,57.42,56.83,57.02,56.15,56.09,54.10,55.64,56.16,55.84,55.75,56.49,53.10,56.50,57.31,54.30,54.39,59.73,60.44,59.24,66.76,67.47,76.31,74.89,75.01,85.54,88.56,89.37,84.95,80.96,74.60,80.22,75.90,75.08,72.89,71.47,69.71,68.50,67.47,69.92,68.75,68.23,67.15,67.17,67.26,68.36,69.16,69.24,70.68,73.91,81.20,72.63,87.51,86.83,85.24,83.23,88.82,90.74,88.81,89.80,89.00,90.10,87.63,88.82,76.36,77.16,73.29,73.86,72.29,71.75,69.19,71.18,69.49,68.01,63.95,71.13,67.49,67.55,65.78,71.81,69.31,68.60,66.31,70.30,70.85,64.95,54.55
S046,66.14,61.29,61.36,64.09,60.03,59.00,57.45,57.29,57.86,56.63,56.64,56.30,57.86,56.63,56.64,56.30,56.94,55.87,55.54,55.03,54.67,54.33,54.57,54.55,53.89,53.99,50.92,51.62,47.49,51.02,51.00,47.15,46.55,50.99,58.13,60.44,64.00,64.43,67.49,60.90,67.60,65.45,64.08,61.70,58.07,53.55,49.46,53.98,50.00,46.22,48.71,51.00,54.85,50.01,45.04,44.05,42.15,42.55,47.02,59.74,51.79,66.39,71.54,84.47,74.94,83.89,97.89,100.94,89.96,85.11,96.94,96.93,88.02,94.11,96.91,96.98,95.15,94.92,93.92,92.23,92.03,91.79,90.71,92.33,95.69,96.37,87.55,84.52,89.71,96.15,94.52,90.42,97.65,96.98,96.92,93.06,95.85,91.49,90.53,88.01
S047,103.60,99.39,93.92,89.85,102.48,91.15,88.66,84.61,88.61,85.57,83.67,80.98,88.61,85.57,83.67,80.98,85.11,83.09,82.33,80.34,84.18,84.34,83.86,83.61,79.45,81.68,83.01,88.54,77.61,85.45,90.82,98.18,93.30,96.53,103.13,105.06,104.95,104.96,104.27,95.10,108.96,103.54,87.84,74.90,102.10,77.61,71.15,69.27,77.86,77.00,75.34,71.38,77.51,71.15,74.43,75.07,70.90,73.83,77.61,84.61,69.16,78.91,82.32,94.41,76.03,88.66,100.30,113.18,92.25,99.16,107.64,112.98,95.79,108.99,110.13,108.79,109.40,108.82,107.63,107.86,109.33,104.94,100.83,104.90,115.05,105.09,99.00,91.21,102.67,96.26,91.51,85.14,105.23,99.81,90.29,86.34,102.86,95.20,88.07,79.05
S048,13.75,11.87,10.58,2.52,6.64,3.92,1.38,0.10,4.51,2.58,0.10,0.04,4.51,2.58,0.10,0.04,0.83,0.10,0.05,0.00,0.10,0.10,2.06,4.64,4.99,9.80,11.41,21.79,5.54,17.16,25.72,38.76,32.93,44.26,59.99,66.68,66.33,68.58,69.93,70.63,70.51,70.50,71.63,72.15,62.59,58.53,55.35,55.08,53.87,57.71,57.35,54.78,54.82,57.50,60.00,59.69,68.60,65.84,64.71,68.64,65.51,71.01,70.01,73.95,69.63,76.93,81.04,82.38,74.28,81.85,85.79,87.90,83.84,85.94,85.98,85.98,87.98,87.96,89.44,87.99,89.95,89.90,88.01,86.43,94.95,89.83,86.65,85.18,84.84,84.41,84.13,80.69,87.25,84.19,86.52,84.41,83.65,82.99,81.72,78.97
S049,107.81,91.48,87.94,82.58,92.96,90.00,86.74,85.69,87.21,86.61,86.93,85.28,87.21,86.61,86.93,85.28,86.36,85.97,85.74,87.18,86.25,86.73,87.01,89.99,87.46,88.35,89.11,98.51,87.38,104.90,118.71,125.10,114.46,120.92,132.96,148.91,145.35,156.49,148.97,153.89,162.99,161.49,147.22,136.90,162.46,145.86,139.99,134.20,139.90,136.33,135.99,134.06,134.40,132.97,133.84,136.00,131.59,131.33,135.52,138.77,128.20,131.22,139.90,161.28,133.09,140.02,166.43,156.42,164.87,166.06,193.19,198.71,198.13,208.00,244.39,243.18,219.44,216.52,217.38,201.00,222.12,208.97,162.00,138.11,171.30,146.73,138.09,132.01,137.82,135.05,125.76,117.78,128.71,122.48,124.17,120.04,119.51,112.41,107.26,106.02
S050,101.28,98.99,89.62,86.06,92.96,90.10,86.35,85.03,86.77,84.75,85.51,83.15,86.77,84.75,85.51,83.15,83.60,81.69,81.01,80.29,80.79,80.67,80.36,81.31,84.09,83.44,84.69,87.31,87.45,91.01,95.59,97.03,100.10,98.19,100.09,98.42,106.77,107.68,113.68,109.27,115.44,115.58,114.90,102.59,116.56,109.01,105.84,101.84,102.11,99.60,98.30,99.73,98.86,96.01,96.35,94.14,97.91,93.62,89.78,91.31,91.19,94.36,94.09,101.27,95.86,102.81,105.76,102.92,101.86,101.84,107.60,114.24,118.18,122.00,129.00,131.57,123.01,124.05,123.85,125.49,115.51,119.87,116.55,115.00,107.77,113.93,108.25,104.96,105.26,101.54,96.01,91.01,90.73,95.44,96.56,93.11,95.11,89.01,86.83,84.10
S051,78.94,73.53,70.08,68.61,71.44,70.55,69.40,67.71,67.69,66.11,65.63,65.52,67.69,66.11,65.63,65.52,67.12,66.38,66.94,65.70,66.72,66.41,65.99,66.93,66.27,67.29,69.47,70.81,66.40,68.60,71.40,73.44,70.19,75.61,79.04,81.82,79.96,81.42,87.58,91.15,90.41,93.37,93.41,92.26,91.85,94.72,100.78,103.03,94.82,101.79,103.59,106.03,100.48,103.43,100.20,102.17,101.42,103.07,104.40,110.41,107.85,107.65,114.71,115.56,109.89,115.21,116.88,128.89,120.75,124.95,123.59,142.74,133.99,139.07,142.08,142.97,143.57,137.99,136.56,129.52,134.87,129.52,125.36,123.47,129.05,120.72,118.96,113.23,118.49,114.44,114.39,105.52,114.46,113.81,103.33,99.12,101.76,97.50,97.75,95.78
S052,80.72,80.99,82.37,80.95,82.46,81.86,80.94,79.51,80.14,79.61,79.33,77.09,80.14,79.61,79.33,77.09,77.86,77.25,77.55,76.58,75.30,76.23,76.95,77.86,75.30,75.71,82.20,87.44,78.60,90.17,86.63,92.29,89.46,95.80,102.73,103.50,109.49,117.08,126.90,109.00,126.93,137.58,133.99,120.89,125.07,115.27,129.96,127.29,124.01,136.00,140.09,119.37,111.23,134.28,136.00,138.34,136.34,138.71,135.99,120.00,119.08,127.98,132.09,134.33,135.99,135.98,126.92,127.96,108.53,129.90,121.52,118.37,123.00,120.56,117.01,117.83,124.81,117.00,107.19,117.00,105.00,104.15,102.54,97.66,102.72,94.64,90.10,86.46,96.09,91.02,87.81,92.26,95.35,92.44,90.19,90.68,90.45,86.99,85.00,81.75
S053,87.46,85.00,83.10,81.66,84.96,83.07,82.22,80.51,83.51,82.26,82.36,82.61,83.51,82.26,82.36,82.61,83.45,83.88,84.57,84.56,84.60,85.23,85.87,91.29,84.95,86.46,90.00,93.49,86.50,96.01,98.47,109.23,95.13,120.69,122.05,126.25,122.05,128.20,138.95,130.02,141.13,134.00,129.93,125.01,153.99,147.13,137.68,129.99,125.00,126.23,125.00,119.18,122.07,117.59,115.98,115.06,117.43,114.77,111.33,108.38,119.24,120.02,122.29,127.31,112.98,125.00,122.00,122.08,113.87,122.05,122.04,130.64,122.05,123.22,122.04,122.01,120.31,115.53,110.41,107.16,113.21,102.16,92.15,87.42,100.85,89.03,87.82,86.10,96.72,96.89,90.11,85.11,92.43,89.50,91.25,86.82,92.94,83.83,79.91,74.01
S054,89.40,87.32,82.96,82.57,84.93,83.92,84.53,83.80,86.48,85.85,85.90,85.28,86.48,85.85,85.90,85.28,86.01,86.29,86.15,86.20,85.47,86.50,88.24,90.37,89.67,89.77,89.62,90.38,87.64,93.93,97.23,101.78,95.59,100.05,104.60,120.32,121.72,130.94,131.71,131.46,143.02,137.45,128.26,119.40,125.43,117.41,112.30,110.67,111.85,109.05,105.40,103.83,104.67,102.86,103.61,102.76,102.74,101.90,103.02,106.74,102.77,110.01,124.72,135.37,120.46,131.00,161.89,165.17,112.43,132.52,158.21,208.27,164.99,203.99,224.16,206.95,190.89,181.04,175.45,182.04,189.65,161.35,147.38,136.69,152.32,136.00,129.16,118.56,139.99,132.00,112.38,102.78,125.70,129.22,102.53,98.00,106.33,98.20,94.07,89.75
S055,110.34,103.51,95.77,92.84,98.48,95.02,92.65,90.04,94.23,89.63,87.00,86.50,94.23,89.63,87.00,86.50,86.56,85.70,84.50,82.47,82.52,82.36,82.77,84.07,84.00,84.00,86.51,89.49,93.61,96.50,97.97,104.73,100.71,103.24,105.79,110.72,105.00,107.74,105.00,102.16,106.77,103.21,99.68,96.00,107.29,101.74,97.51,95.06,101.67,98.28,96.51,94.99,96.51,93.97,94.15,96.50,98.44,100.14,101.68,102.20,101.40,105.00,104.19,111.99,103.21,120.08,127.09,142.00,124.09,134.66,138.34,144.40,151.18,154.92,143.88,132.00,133.49,116.49,117.52,111.48,112.21,104.08,103.30,102.38,101.10,100.15,97.87,93.52,93.36,90.49,90.08,90.05,94.12,88.99,87.74,82.72,90.00,84.12,81.90,68.60
S056,115.24,112.95,108.67,106.00,112.99,109.16,107.09,107.52,111.23,109.17,104.94,104.22,111.23,109.17,104.94,104.22,103.83,103.00,101.73,101.60,102.99,102.62,101.73,101.60,101.43,101.60,102.30,102.99,100.20,101.22,101.22,101.56,100.28,99.32,100.50,102.32,104.12,105.57,107.37,105.66,114.96,106.96,105.18,102.59,105.31,103.20,101.03,98.10,98.35,99.72,98.10,97.76,98.00,96.59,96.53,96.30,96.13,96.74,97.20,97.78,98.00,100.37,102.17,102.84,101.46,103.40,105.43,111.91,106.10,116.89,117.15,119.36,117.67,127.19,134.47,140.64,139.09,142.49,146.20,141.00,144.22,141.00,136.37,125.10,125.16,127.11,125.43,114.51,120.90,114.08,106.01,101.53,121.30,114.95,113.03,107.84,110.00,104.59,100.33,100.01
S057,104.80,101.60,99.92,98.28,100.20,101.08,100.89,99.59,102.12,100.99,100.21,100.01,102.12,100.99,100.21,100.01,100.48,100.54,100.21,100.52,99.45,100.22,100.52,100.35,97.70,100.16,101.05,111.21,108.04,122.76,130.57,144.15,142.29,157.41,171.84,172.79,177.34,184.48,177.11,165.00,190.20,171.03,151.85,134.67,156.81,139.35,128.13,119.40,126.08,119.84,119.07,117.12,118.08,114.59,117.46,120.11,119.00,121.34,125.91,133.76,120.68,139.00,147.67,170.05,135.00,159.78,176.26,209.13,168.30,192.76,206.93,211.57,192.34,218.25,216.31,206.01,209.99,191.93,198.83,199.47,192.93,182.96,177.63,170.33,166.52,160.21,158.35,144.46,141.01,137.95,134.72,127.00,131.46,127.76,126.47,119.92,122.64,115.01,107.94,104.29
S058,114.06,117.50,115.14,113.54,115.04,114.97,114.90,112.43,110.04,109.68,110.76,110.94,110.04,109.68,110.76,110.94,108.91,109.25,109.90,111.41,108.91,110.01,115.52,118.25,122.43,110.91,128.61,139.17,126.45,159.43,191.71,282.83,176.09,224.33,268.09,295.00,327.01,302.01,236.30,185.82,246.84,194.13,168.00,109.17,168.57,133.43,121.30,105.38,119.00,106.22,104.36,102.23,104.35,102.16,103.02,104.96,104.59,105.76,105.33,107.34,106.18,123.76,149.45,167.50,136.08,158.99,204.43,213.54,202.99,253.17,291.93,358.85,242.97,266.24,260.70,228.61,221.52,194.52,181.95,177.71,208.81,186.84,171.50,160.52,182.37,158.99,144.99,134.05,163.73,152.44,132.43,110.96,131.99,121.64,110.09,105.05,116.14,109.65,107.42,98.14
S059,104.19,101.41,98.90,94.70,103.08,98.64,97.50,96.92,97.64,98.30,98.87,98.45,97.64,98.30,98.87,98.45,97.36,98.16,97.79,97.99,98.34,96.86,97.49,97.50,97.86,99.36,98.51,99.91,97.50,100.93,101.09,102.07,102.67,103.19,104.42,105.96,109.24,109.70,112.15,112.90,124.90,126.23,121.17,120.07,135.30,120.06,115.22,106.38,114.77,110.46,109.70,106.26,108.21,106.75,106.30,103.61,103.00,101.60,101.59,101.30,102.30,103.25,105.54,109.39,104.22,112.02,125.55,131.12,118.39,126.95,141.47,140.81,141.21,147.90,148.95,148.83,146.17,146.25,140.59,133.98,139.18,134.99,130.13,123.43,129.56,122.23,113.34,109.56,112.76,112.15,109.92,107.32,111.79,108.30,112.12,109.03,107.98,104.22,103.47,100.93
S060,101.50,102.31,101.59,100.37,102.21,101.59,102.07,101.16,102.03,100.97,100.94,101.32,102.03,100.97,100.94,101.32,102.02,101.60,102.71,100.75,101.19,100.69,100.88,100.69,98.99,101.59,100.84,100.63,99.29,100.09,100.30,100.18,100.05,101.01,103.43,103.75,101.59,103.19,104.98,105.27,109.07,108.93,109.75,107.80,112.77,114.77,112.30,112.93,117.41,116.57,116.59,113.50,123.74,119.86,120.09,116.43,119.87,116.80,114.65,113.11,112.90,112.90,114.42,117.04,107.60,109.30,113.27,116.84,107.79,111.73,120.38,127.70,123.99,132.91,133.37,134.58,138.83,139.33,137.97,133.37,136.74,133.13,130.77,129.66,132.65,129.26,120.89,113.27,120.37,116.53,111.85,107.34,119.05,112.79,109.47,106.46,108.30,104.76,102.74,102.16
S061,108.65,96.71,92.11,90.34,99.41,95.75,98.84,95.51,92.72,89.96,98.78,96.57,92.72,89.96,98.78,96.57,93.95,94.15,93.84,94.38,92.88,93.35,93.43,93.64,93.62,93.99,94.03,94.59,92.15,92.80,94.62,94.23,93.44,94.64,91.61,91.92,100.96,103.67,105.25,105.94,106.97,107.86,111.35,110.07,119.86,114.87,113.84,108.29,118.79,112.62,113.18,109.29,115.42,109.42,110.94,109.33,109.49,107.55,106.65,105.87,109.06,108.51,111.76,111.89,107.59,112.09,114.45,118.54,105.07,119.27,123.72,129.37,129.50,130.38,137.53,141.01,139.72,140.08,138.66,133.69,142.09,134.72,130.94,128.05,134.12,129.05,125.07,114.34,121.58,115.79,112.82,106.64,120.41,113.65,115.70,106.82,109.80,108.99,104.28,100.53
S062,90.11,90.55,90.25,90.30,89.79,88.89,88.61,86.46,87.06,87.12,88.17,87.38,87.06,87.12,88.17,87.38,86.59,88.20,88.18,88.21,87.44,88.99,90.17,91.66,88.30,90.56,92.26,94.92,93.33,104.99,105.00,108.06,103.15,110.05,118.63,121.45,122.62,125.34,127.65,125.85,127.66,122.98,119.63,115.81,127.01,121.37,115.50,108.89,128.26,121.58,120.13,114.30,110.44,108.08,107.56,106.93,108.38,110.00,110.21,110.44,105.28,108.71,110.51,115.91,107.75,111.99,119.87,128.31,118.01,124.01,130.57,131.41,127.82,134.93,147.94,151.31,139.82,135.23,137.98,133.55,138.04,133.45,131.66,128.48,131.00,124.39,118.14,109.71,113.44,109.22,106.98,101.49,110.95,106.57,104.26,101.74,107.33,103.90,97.52,91.40
S063,110.04,101.13,99.99,96.98,101.51,101.37,97.10,96.20,99.90,97.49,96.63,96.25,99.90,97.49,96.63,96.25,97.43,96.70,95.64,95.93,94.90,94.50,95.05,94.99,95.59,95.41,95.49,96.51,90.28,92.80,96.45,100.47,91.09,94.71,96.30,101.12,96.05,101.24,101.57,102.53,101.92,102.84,102.36,100.83,104.37,103.81,101.62,100.78,102.14,100.85,98.64,96.77,97.86,96.77,96.97,94.69,95.10,94.01,96.26,96.43,94.09,96.62,97.71,100.46,98.03,100.52,104.32,110.42,100.84,107.64,115.03,123.63,119.54,125.98,131.00,134.01,129.79,132.89,132.55,129.84,132.96,129.56,125.09,120.02,122.86,114.26,109.93,106.08,110.84,109.25,106.93,103.49,108.08,106.56,104.14,101.78,103.42,101.71,100.28,94.52
S064,106.37,104.65,103.98,103.57,105.03,104.03,103.04,102.88,103.21,102.54,102.51,102.73,103.21,102.54,102.51,102.73,102.83,102.58,102.23,102.10,102.02,100.70,102.95,104.07,103.59,103.20,104.81,110.11,102.50,112.26,124.49,140.42,122.95,130.57,141.20,144.84,146.49,150.10,141.92,136.80,141.60,135.57,129.51,121.65,141.67,131.00,126.16,117.52,129.96,124.03,115.04,108.74,112.55,107.28,109.13,107.93,110.26,107.42,109.36,110.84,108.79,112.40,119.12,124.58,118.74,122.28,134.65,136.79,120.09,127.42,126.16,136.98,130.45,131.01,138.89,140.62,141.29,135.94,129.53,120.09,130.44,124.28,118.48,108.11,122.78,112.57,105.28,104.38,110.52,107.38,106.56,104.17,109.33,107.91,106.32,103.20,106.03,103.42,99.40,93.26
S065,85.72,85.02,83.16,81.53,83.90,83.89,83.36,83.49,81.72,82.05,82.43,82.67,81.72,82.05,82.43,82.67,81.18,81.87,82.31,82.06,81.57,82.66,83.89,85.28,84.06,83.66,87.75,93.28,84.42,93.56,103.67,113.26,105.21,119.26,121.64,124.80,122.21,125.86,124.58,122.75,128.75,123.80,115.43,108.62,112.71,107.88,104.38,100.60,104.18,101.70,99.54,98.70,98.62,97.41,97.03,96.14,96.49,96.94,98.61,97.94,98.93,99.74,103.60,106.09,105.73,111.95,122.63,132.08,117.97,122.34,126.63,136.68,122.62,131.77,135.70,137.85,140.35,135.88,134.76,133.10,144.63,134.85,127.69,120.40,137.00,130.66,122.00,114.34,127.41,121.80,114.70,106.41,119.88,110.36,106.71,102.84,106.35,102.19,100.72,94.17
S066,75.64,74.09,65.08,60.91,69.29,64.77,64.55,62.89,64.63,63.81,64.63,64.57,64.63,63.81,64.63,64.57,63.20,63.71,65.64,65.10,63.01,63.37,66.76,71.07,60.10,66.37,75.91,77.56,60.47,73.23,83.91,99.70,82.37,94.32,99.24,100.36,97.01,103.01,103.10,101.01,106.53,104.14,104.00,103.03,111.82,102.01,97.70,94.63,97.58,94.52,93.94,93.40,91.89,91.90,92.27,91.95,93.57,93.46,93.75,96.83,90.99,93.68,99.42,99.96,95.91,98.60,107.87,113.92,106.11,114.65,118.03,122.42,120.20,129.39,131.77,140.06,132.03,129.22,128.80,126.42,133.14,126.59,126.61,119.08,121.79,119.50,113.81,107.43,112.26,107.94,99.73,95.66,106.00,104.98,101.23,95.47,101.58,94.64,89.32,85.48
S067,89.45,88.09,85.73,84.81,86.56,84.78,84.81,84.27,84.45,84.39,85.27,85.01,84.45,84.39,85.27,85.01,86.33,85.85,85.92,84.50,82.47,86.05,83.78,86.97,83.21,85.72,87.98,98.46,87.85,102.99,105.55,114.50,105.66,110.15,116.46,125.04,118.04,116.29,113.54,111.55,125.25,111.80,105.88,100.42,106.26,103.13,100.73,99.48,100.41,97.08,89.44,85.29,88.32,84.42,83.71,79.31,86.98,83.10,79.00,80.09,82.21,82.03,82.29,83.14,82.11,82.74,86.68,93.98,90.35,91.03,92.03,102.92,103.00,107.80,111.84,120.58,120.37,121.50,131.89,134.14,133.39,129.76,123.75,119.50,119.41,112.24,108.43,104.83,110.94,105.19,97.18,86.50,98.04,95.52,89.88,89.46,93.89,90.57,88.26,85.72
S068,96.14,96.66,95.12,94.60,94.66,93.08,93.46,93.05,92.84,93.64,93.85,92.84,92.84,93.64,93.85,92.84,93.73,92.44,91.47,93.06,90.40,93.07,94.37,95.83,96.72,96.92,100.99,110.16,98.15,111.62,129.49,150.79,148.45,165.93,187.44,200.93,206.43,202.47,182.48,152.99,156.12,147.60,125.49,113.36,133.54,118.27,109.96,101.75,112.80,106.17,104.34,101.58,105.21,100.81,99.29,100.02,102.36,100.82,99.84,98.99,97.88,100.06,106.16,110.47,106.16,109.50,114.99,125.71,111.00,120.43,128.14,128.76,137.99,137.30,142.38,143.95,153.49,144.94,139.09,132.87,129.54,120.50,119.46,109.87,117.63,103.29,97.78,91.98,106.14,101.21,88.95,88.26,101.94,96.01,90.79,91.65,97.42,92.41,86.92,81.11
S069,68.03,59.34,53.62,45.71,60.23,55.96,50.29,43.56,50.01,45.44,41.68,39.10,50.01,45.44,41.68,39.10,38.79,38.07,45.16,41.81,36.91,35.54,41.82,41.80,39.08,40.08,37.94,36.05,32.30,34.00,35.26,37.94,37.11,42.65,41.32,44.93,42.06,44.33,47.97,55.06,53.60,56.09,56.09,56.07,59.08,57.35,54.71,49.27,54.71,55.84,54.59,50.71,51.79,57.35,50.37,42.83,56.33,46.09,40.97,36.93,44.13,42.29,42.02,44.79,45.51,43.32,45.51,57.43,52.77,51.12,57.46,66.36,66.42,72.27,75.88,89.23,74.81,81.23,82.00,79.73,73.00,75.28,80.20,72.00,71.98,68.91,68.24,64.94,69.11,68.12,68.97,64.56,79.94,76.39,69.22,56.09,71.17,56.16,49.36,31.10
S070,50.70,45.71,37.92,47.07,46.00,43.14,42.73,50.18,45.92,43.52,45.56,40.90,45.92,43.52,45.56,40.90,45.23,45.10,44.29,45.04,40.75,44.14,46.70,48.99,47.75,42.73,55.11,78.69,55.27,74.45,88.12,93.21,91.80,94.78,98.57,98.68,102.64,100.49,99.02,94.02,97.26,94.73,89.81,68.07,92.85,88.14,58.16,28.91,60.36,64.46,47.89,22.69,22.95,5.00,2.50,1.07,2.25,1.16,1.36,6.84,10.10,33.32,47.16,48.99,20.09,39.00,78.44,96.50,41.64,80.42,93.56,102.41,83.61,96.58,99.57,104.60,103.96,105.46,105.99,113.67,109.04,110.49,110.91,113.15,102.74,102.80,93.74,92.82,101.27,99.93,95.36,92.38,100.65,96.97,95.37,90.43,91.26,87.89,87.30,82.70
S071,99.04,92.68,89.93,86.92,91.48,89.45,85.32,83.36,87.69,85.81,83.54,82.29,87.69,85.81,83.54,82.29,88.53,88.06,88.19,87.60,88.31,87.31,89.24,89.58,87.14,89.72,96.15,99.68,95.70,108.48,120.15,130.94,124.64,133.31,136.42,128.56,137.57,123.90,115.85,102.09,123.76,110.70,100.28,93.96,102.16,95.18,85.25,80.73,87.43,84.29,82.67,65.00,84.40,70.91,57.88,50.02,66.07,60.20,58.81,55.71,45.03,65.92,75.47,84.97,68.65,73.43,86.08,95.77,77.13,95.04,103.98,129.33,100.37,108.21,120.19,145.80,134.34,123.16,114.91,114.67,112.90,108.83,104.23,102.65,104.99,96.24,91.07,84.72,94.90,90.21,85.01,79.00,98.99,87.10,82.30,78.92,87.83,82.39,78.99,67.27
S072,82.58,80.70,79.45,77.35,78.71,78.00,75.51,73.00,78.51,75.08,73.17,72.15,78.51,75.08,73.17,72.15,74.40,73.01,72.19,67.50,72.27,72.32,71.45,71.53,71.86,70.65,72.32,74.17,69.52,72.25,74.31,75.61,82.70,83.01,75.75,63.70,82.97,67.78,48.41,29.30,47.41,20.73,3.04,0.01,0.00,0.00,0.00,-0.04,0.00,-0.01,-0.02,-0.08,-0.02,-0.06,-0.28,-0.65,-0.27,-0.48,-0.09,-0.05,-0.03,-0.01,0.00,0.01,0.00,0.07,10.05,49.33,33.96,58.41,80.33,89.89,75.05,83.10,96.59,105.00,97.21,96.32,96.36,90.88,92.25,87.71,85.12,75.59,83.37,74.27,61.44,57.39,67.91,68.93,67.31,54.52,72.78,66.17,64.23,55.47,72.72,59.07,59.32,51.58
S073,139.94,132.30,126.56,117.24,135.58,127.43,125.13,123.15,127.11,125.79,124.98,123.41,127.11,125.79,124.98,123.41,124.81,124.73,124.67,124.73,124.74,125.08,130.54,132.45,124.28,131.94,140.22,168.20,137.03,151.57,211.28,301.31,330.86,335.18,226.14,177.76,294.22,204.50,151.67,123.00,211.29,148.65,134.22,108.88,137.81,117.03,104.90,81.93,102.48,81.00,77.48,52.23,69.97,39.99,34.90,25.12,31.75,26.92,33.39,39.84,26.37,58.19,79.90,97.16,71.17,93.06,101.74,130.48,93.37,115.24,137.63,202.60,130.71,173.91,243.08,429.36,283.32,337.19,343.65,279.28,328.64,230.10,214.09,185.68,197.34,172.00,159.29,150.81,171.64,158.39,147.04,130.44,157.04,149.48,139.13,123.31,140.00,131.90,119.13,108.20
S074,141.31,136.72,132.78,129.84,137.61,132.28,128.19,124.63,129.76,125.66,124.15,123.12,129.76,125.66,124.15,123.12,126.49,124.78,123.32,122.97,122.97,124.13,124.50,127.39,124.77,128.93,129.90,134.70,131.43,138.83,141.33,130.89,146.26,136.00,129.30,106.67,135.98,126.11,104.98,84.54,129.03,108.32,95.24,78.56,102.42,83.78,73.78,37.80,56.54,27.69,19.75,18.19,18.51,14.67,10.93,8.01,5.04,0.55,0.00,0.08,2.78,12.40,23.18,34.35,35.15,76.66,95.57,125.76,81.22,114.56,144.98,164.50,110.63,131.95,150.00,196.90,168.19,177.01,193.95,184.34,185.27,169.98,163.14,148.51,157.71,151.91,145.28,137.89,146.51,139.98,135.71,128.24,142.12,133.80,130.88,129.99,144.10,130.91,126.62,120.95
S075,145.71,137.27,131.74,129.25,139.38,135.00,130.00,126.55,134.00,133.42,130.00,127.35,134.00,133.42,130.00,127.35,132.52,130.08,130.40,127.37,129.37,128.78,129.20,129.99,129.84,127.40,129.99,131.31,130.54,134.89,130.81,128.15,139.06,128.12,108.95,91.81,130.65,109.20,104.39,90.01,110.99,94.66,86.74,70.48,90.75,83.10,47.34,30.57,28.60,19.77,14.70,9.04,12.95,9.41,9.49,1.48,0.00,-0.01,-0.01,0.00,0.00,0.00,7.46,18.46,15.57,39.97,85.74,115.76,70.52,107.79,135.77,154.73,120.88,135.79,146.34,182.24,154.90,158.71,156.64,170.79,160.20,150.87,155.14,150.00,150.09,141.31,135.78,127.99,137.99,130.98,124.38,116.39,129.99,120.52,117.65,116.30,119.32,114.26,113.80,106.91
S076,110.37,101.80,98.44,90.13,99.67,89.98,90.44,88.08,89.82,86.43,89.09,89.91,89.82,86.43,89.09,89.91,91.21,89.89,87.40,85.94,92.93,88.49,88.50,88.73,91.27,88.50,101.06,118.46,109.44,126.31,139.66,147.26,151.64,143.11,139.45,114.36,134.43,109.44,101.00,74.35,115.21,88.88,65.91,49.99,73.06,29.86,8.86,2.12,2.33,0.00,-0.04,-0.92,-0.61,-1.00,-1.09,-1.67,-1.83,-2.20,-2.94,-3.00,-1.72,-1.32,-0.56,-0.01,0.00,0.10,4.01,10.29,10.03,35.60,62.00,97.03,67.62,93.35,109.01,164.33,120.33,117.67,110.97,110.49,119.65,110.62,99.81,93.91,97.66,86.91,81.83,79.88,78.54,79.31,68.28,53.03,83.08,67.31,59.97,39.86,24.20,19.88,17.43,10.10
S077,123.83,120.22,105.47,102.26,112.41,109.69,108.35,105.83,106.25,104.17,103.37,102.17,106.25,104.17,103.37,102.17,99.34,101.81,102.81,103.49,103.21,103.20,106.31,107.74,104.51,107.38,110.38,114.00,106.27,111.38,113.51,114.92,119.69,115.90,115.74,115.50,122.00,121.94,121.99,121.59,120.05,120.02,116.49,108.00,112.26,108.70,105.86,103.27,103.75,101.62,103.70,105.03,104.56,104.07,104.54,103.61,105.13,105.07,101.66,101.86,103.78,104.87,105.39,108.67,101.07,113.99,120.28,121.54,120.07,121.31,131.96,146.66,116.17,131.88,142.46,164.09,140.00,148.41,172.56,183.43,183.48,178.34,165.51,152.01,176.36,156.19,139.97,128.54,140.00,133.54,140.40,135.87,139.53,132.99,139.81,128.62,139.61,128.82,127.35,116.40
S078,132.74,113.40,105.60,102.92,106.31,105.90,106.04,104.09,107.47,107.40,106.07,104.75,107.47,107.40,106.07,104.75,106.00,106.23,107.30,106.56,110.82,109.33,109.02,110.95,107.87,109.99,123.60,138.20,131.80,144.00,153.52,162.54,173.97,173.88,174.17,149.90,192.66,160.19,140.16,117.04,149.95,127.09,112.07,107.18,130.97,104.59,98.41,100.59,103.19,99.00,97.64,102.77,95.36,95.30,95.32,94.93,97.00,97.11,95.99,96.96,96.62,100.26,98.63,101.79,99.67,105.55,115.85,127.36,111.70,124.41,136.44,154.56,128.04,146.71,163.18,210.88,191.32,211.88,214.99,211.00,213.68,179.15,145.91,142.79,163.42,145.11,138.16,130.26,145.27,135.27,126.53,112.09,133.69,119.28,105.70,98.29,108.21,101.67,98.12,93.83
S079,95.70,88.90,87.39,87.21,89.64,86.64,85.83,84.80,86.58,85.39,85.27,85.50,86.58,85.39,85.27,85.50,86.15,86.50,87.09,87.73,87.93,88.88,89.06,89.47,89.00,91.52,102.84,116.86,112.58,130.68,137.42,142.28,150.20,148.81,132.01,103.35,131.43,106.90,87.69,73.73,99.91,81.06,57.31,13.52,37.56,3.45,-0.01,-1.01,-0.06,-1.85,-2.21,-2.36,-2.08,-2.51,-2.32,-2.33,-3.32,-3.30,-3.11,-1.12,-1.01,-0.47,-0.01,2.38,3.32,13.98,71.27,100.21,65.39,93.91,124.98,143.85,101.50,135.89,159.28,184.18,163.03,176.81,185.72,184.93,192.59,180.55,165.40,142.25,164.64,152.01,141.73,135.58,144.97,138.95,128.12,116.19,136.99,126.01,118.13,113.97,123.20,112.63,111.50,106.17
S080,113.04,108.77,108.20,106.99,112.76,111.73,112.85,113.22,113.66,112.79,113.93,115.59,113.66,112.79,113.93,115.59,110.05,112.73,117.97,121.35,120.20,121.82,123.98,127.10,122.34,128.14,132.29,148.35,134.52,157.90,170.86,177.23,191.60,175.51,150.21,115.65,179.47,151.35,120.19,103.40,121.98,100.87,84.16,56.60,99.00,60.76,40.05,21.39,20.63,9.61,1.22,0.02,0.01,0.00,-0.01,0.00,0.00,0.00,0.60,9.52,10.05,28.44,58.07,78.30,42.77,81.75,98.79,120.48,97.64,110.13,122.85,150.77,101.41,132.96,163.96,210.37,180.37,202.30,223.21,231.19,240.91,219.48,203.32,193.82,183.05,167.86,157.15,145.42,160.79,155.74,147.77,131.86,150.74,145.68,134.44,127.34,141.56,134.05,131.10,122.24
S081,158.56,145.41,137.26,133.02,141.26,138.09,136.65,135.84,136.36,134.98,135.62,135.61,136.36,134.98,135.62,135.61,135.93,135.23,138.86,139.88,131.13,135.76,138.99,149.74,136.60,145.37,164.68,171.71,164.17,192.76,203.30,208.95,233.75,209.73,190.65,156.44,208.14,169.05,152.02,116.00,169.34,144.39,106.30,108.00,121.04,108.00,90.81,84.49,95.52,85.13,70.68,62.56,71.29,66.52,65.52,59.11,56.25,60.00,69.17,77.02,59.86,81.14,95.57,113.03,100.15,115.00,118.82,134.65,104.30,138.99,156.70,178.71,140.48,161.61,178.31,218.87,176.65,217.13,227.12,223.12,237.87,218.01,205.44,187.92,200.77,182.99,173.31,163.07,174.69,170.70,157.81,149.00,163.47,164.09,143.72,136.13,162.00,154.86,140.42,135.22
S082,104.54,101.80,99.81,95.50,98.56,96.75,94.93,92.78,95.59,94.20,93.98,93.04,95.59,94.20,93.98,93.04,95.67,94.69,95.19,95.49,97.51,97.75,99.05,100.08,100.21,101.87,102.88,101.69,102.80,103.81,102.18,91.63,117.51,92.91,78.63,49.79,80.75,46.20,26.37,12.00,19.90,6.86,0.43,-0.10,0.00,-0.01,-0.62,-1.09,-2.46,-3.46,-4.90,-6.63,-9.97,-11.39,-12.37,-13.31,-12.68,-11.34,-9.91,-7.31,-3.38,-2.48,-1.90,-0.95,-0.26,0.00,11.66,33.60,32.76,79.85,108.00,152.00,98.63,141.80,159.08,183.03,161.04,174.26,176.00,185.46,184.46,181.70,168.61,158.76,184.13,167.14,159.59,148.07,165.21,158.25,150.05,148.00,157.37,149.99,141.68,138.15,157.79,147.62,136.83,131.78
S083,149.00,145.68,136.56,133.01,139.06,130.12,116.53,111.56,119.26,111.57,106.22,102.94,119.26,111.57,106.22,102.94,107.08,101.54,99.36,98.58,100.46,99.17,101.56,100.31,98.22,97.00,99.03,109.64,107.08,111.30,113.57,111.32,134.10,120.44,106.58,91.07,132.08,103.46,89.90,64.39,99.55,80.22,64.72,39.13,57.64,23.32,10.04,3.91,4.50,0.30,-0.01,-0.01,0.00,-0.01,-0.01,-0.02,-0.04,-0.02,-0.01,-0.01,-0.02,-0.01,0.00,0.02,1.04,7.77,14.97,56.21,33.93,66.79,101.01,108.00,91.31,101.01,118.70,140.34,130.00,141.00,131.36,141.01,147.99,131.68,139.60,132.70,129.08,106.47,90.82,78.03,91.98,86.04,68.61,51.36,86.66,78.15,64.34,35.26,45.54,17.51,16.59,8.75
S084,3.00,2.40,1.78,0.06,1.36,0.10,0.01,0.00,0.00,0.00,0.00,-0.01,0.00,0.00,0.00,-0.01,-0.01,-0.01,-0.01,-0.01,-0.01,-0.01,0.00,0.00,0.00,0.00,0.10,1.36,2.45,2.81,4.80,4.51,11.87,10.00,9.61,4.13,3.61,0.02,0.00,0.00,0.00,-0.01,-0.04,-0.07,-0.01,-0.02,-0.04,-0.04,-0.01,-0.01,-0.01,-0.01,-0.01,-0.01,-0.01,-0.01,-0.01,-0.01,-0.01,-0.01,-0.01,0.00,0.00,0.04,0.10,3.18,5.75,10.07,10.07,20.08,50.02,87.44,71.41,92.94,108.41,122.59,110.82,115.81,142.62,170.07,175.34,167.29,153.72,151.35,152.67,142.92,127.72,116.32,122.58,120.02,112.23,103.01,112.03,110.89,110.17,99.31,102.92,88.67,87.65,75.97
S085,124.51,120.29,117.14,115.63,122.15,119.40,119.33,117.12,120.92,118.14,115.30,115.01,120.92,118.14,115.30,115.01,116.50,119.49,117.00,118.34,117.67,118.73,120.93,123.66,119.80,129.00,143.99,153.06,152.20,168.99,179.10,190.23,203.74,191.36,170.92,139.56,194.19,151.40,136.77,107.87,136.41,122.21,109.38,88.01,101.21,90.13,86.53,71.17,85.31,77.93,68.83,59.17,70.74,64.99,61.01,56.54,61.21,59.19,57.90,60.10,58.27,67.62,82.30,88.11,78.83,91.99,95.32,103.15,90.64,100.02,100.98,120.69,105.61,130.77,146.59,173.23,145.81,159.00,163.46,167.46,192.98,177.61,158.25,144.14,174.90,150.14,127.52,119.00,124.13,122.50,119.78,109.57,123.10,117.90,117.59,108.05,113.65,106.89,105.25,98.26
S086,17.76,9.43,5.17,4.43,4.25,3.14,1.59,0.22,5.48,4.50,4.97,5.13,5.48,4.50,4.97,5.13,3.08,3.80,3.91,4.51,2.19,3.54,4.08,7.62,3.54,7.62,17.23,45.30,26.05,63.50,87.96,89.97,73.12,89.48,100.52,98.13,116.73,108.26,108.39,103.51,111.85,102.16,96.34,77.00,85.99,71.54,82.24,55.62,71.28,50.30,39.17,23.24,39.41,25.03,19.91,10.00,17.55,15.55,9.91,2.59,9.40,8.67,7.59,4.51,9.38,10.73,11.66,19.98,9.98,23.34,44.26,63.00,45.46,65.46,86.79,112.09,85.00,105.03,109.38,119.90,114.06,117.28,122.27,133.00,124.79,124.40,127.35,125.89,135.99,124.82,127.98,115.87,129.52,119.43,120.10,115.65,115.23,110.15,107.60,102.54
S087,123.00,108.88,104.60,100.50,102.56,103.07,103.08,102.01,102.65,101.39,100.89,100.11,102.65,101.39,100.89,100.11,100.64,100.13,100.99,100.38,100.55,101.79,101.27,103.11,94.84,99.42,112.97,124.94,113.77,127.50,151.11,156.41,152.47,153.00,154.44,148.59,203.40,180.22,145.56,125.98,163.15,134.76,125.31,119.00,117.09,108.85,98.11,92.97,99.03,93.08,84.13,73.16,88.78,82.34,78.18,65.38,73.54,60.90,46.39,40.07,51.20,51.34,54.02,57.39,54.00,62.40,62.76,73.05,64.03,80.40,89.27,95.17,96.06,101.22,105.81,140.78,108.58,141.83,158.72,194.87,153.48,176.56,181.96,188.01,189.75,180.74,173.54,159.99,201.16,171.46,162.62,151.66,169.14,161.30,152.95,149.93,152.98,149.56,149.96,141.40
S088,12.44,17.35,4.76,4.36,14.23,10.08,9.26,2.25,10.73,7.09,3.81,4.10,10.73,7.09,3.81,4.10,0.38,2.97,2.04,2.56,4.43,3.39,9.29,8.50,13.39,8.95,10.10,14.50,7.77,9.91,15.03,20.74,19.90,18.37,23.46,15.34,21.88,19.97,16.03,8.90,12.98,6.45,4.51,2.46,3.94,2.00,1.30,0.00,0.00,-0.01,-0.01,-0.02,-0.06,-0.62,-0.26,-0.05,-0.04,-0.04,-0.03,-0.03,-0.03,-0.02,-0.01,-0.01,-0.01,0.00,0.00,0.11,0.00,2.74,6.63,33.39,13.39,47.95,91.14,98.46,61.62,93.37,120.98,162.41,127.98,137.08,165.87,168.56,174.95,136.01,127.14,104.86,134.01,106.55,96.06,78.73,109.81,79.97,64.54,52.91,67.09,44.79,33.40,22.05
S089,147.15,136.26,129.36,123.29,127.94,123.91,115.78,114.90,116.62,114.05,114.14,112.72,116.62,114.05,114.14,112.72,114.99,113.25,112.32,108.84,113.01,112.06,111.08,107.20,111.76,107.76,107.53,106.39,107.42,108.66,108.46,101.88,110.30,105.70,90.49,66.46,103.62,87.41,63.77,23.64,55.81,22.46,8.00,0.01,7.73,0.00,-1.01,-7.35,-1.00,-2.17,-9.99,-20.07,-20.09,-39.93,-42.74,-58.25,-70.01,-74.74,-84.80,-90.31,-82.01,-79.75,-74.99,-73.79,-63.01,-50.30,-40.00,-30.00,-29.93,-15.00,-8.30,-9.96,-4.10,-3.00,-0.55,4.79,2.38,37.10,60.41,74.90,68.11,75.32,76.99,74.85,86.19,70.09,74.95,67.92,67.99,66.94,63.00,63.00,69.97,71.04,70.51,62.99,70.01,70.05,69.13,65.31
S090,70.01,71.02,75.15,73.91,77.10,73.27,76.21,79.71,77.47,80.11,80.68,83.43,77.47,80.11,80.68,83.43,82.40,85.59,84.93,88.12,91.29,93.06,96.18,99.88,95.62,99.34,99.31,97.93,101.60,101.13,97.06,95.01,105.19,95.95,89.19,86.94,87.99,81.28,77.14,58.00,63.61,56.98,47.69,45.01,49.72,24.93,25.05,21.23,26.25,23.67,20.79,18.95,21.58,16.25,15.00,7.07,5.56,2.00,0.18,0.14,0.00,3.29,8.10,7.11,5.96,10.04,17.23,30.39,33.09,62.55,67.35,107.21,64.22,98.68,132.84,144.97,123.00,130.98,140.14,147.43,138.38,137.36,146.27,157.05,150.82,148.84,147.04,140.51,140.92,135.30,137.30,133.41,139.59,134.70,128.72,119.42,135.05,119.37,119.42,110.23
S091,128.48,123.41,118.83,116.37,118.00,117.34,113.98,112.77,113.04,112.77,112.31,112.01,113.04,112.77,112.31,112.01,109.22,107.99,108.47,108.37,110.41,110.26,111.59,113.61,108.53,113.48,119.75,139.01,130.21,151.48,149.59,154.99,158.47,151.93,148.36,135.46,155.38,136.12,119.80,97.33,123.02,106.60,93.68,84.31,112.42,98.53,92.24,59.94,89.93,75.33,41.88,24.38,43.06,33.31,25.10,22.01,25.01,25.07,26.25,29.45,20.08,25.50,33.36,46.55,25.06,51.46,74.41,89.06,58.69,78.31,88.13,102.15,87.73,98.06,106.81,116.64,112.18,119.37,135.38,140.09,139.52,146.98,159.61,183.51,168.18,162.54,153.25,144.48,154.40,140.33,135.40,121.90,137.12,125.74,119.37,113.49,116.80,113.89,110.44,109.71
S092,123.17,118.24,112.87,110.70,113.01,111.74,110.99,107.77,110.21,109.12,109.85,109.47,110.21,109.12,109.85,109.47,108.19,107.47,107.41,107.71,107.86,108.51,108.78,110.34,110.46,110.34,111.98,110.84,112.00,111.43,114.18,105.71,109.99,111.19,107.58,94.21,105.82,99.28,87.06,76.99,95.23,87.37,66.91,51.00,81.05,38.04,20.60,18.58,17.03,0.01,-0.08,-1.20,-1.10,-2.93,-4.49,-5.01,-5.51,-5.10,-3.14,-2.57,-2.02,-0.04,0.23,1.43,10.30,15.46,24.46,25.37,15.73,32.01,58.21,73.60,57.65,86.25,102.38,116.94,106.31,115.00,127.08,129.99,116.00,129.01,138.39,142.76,142.95,146.71,146.89,143.01,150.43,141.46,135.53,133.76,134.38,133.77,128.28,123.54,133.25,125.53,122.96,118.26
S093,123.78,117.06,113.48,111.92,112.32,109.94,109.75,107.79,111.68,109.98,108.86,106.30,111.68,109.98,108.86,106.30,108.36,106.47,105.46,105.00,105.54,105.42,105.44,105.26,106.20,106.51,106.54,106.95,105.88,105.35,105.00,102.90,104.69,100.44,96.07,98.93,104.15,100.02,92.35,90.00,99.27,94.95,95.15,86.00,90.99,77.59,67.59,49.37,49.00,42.23,25.38,11.33,22.00,0.95,0.00,-0.01,0.00,-0.09,-1.20,-2.10,-2.10,-2.49,-3.04,-4.39,-3.21,-2.80,-2.01,-1.00,-0.64,-0.01,13.73,51.00,28.24,67.81,89.19,109.79,85.35,97.52,110.05,122.50,110.71,115.86,119.06,123.78,123.20,124.47,126.33,122.45,129.68,121.48,119.12,115.91,124.19,120.08,119.33,113.85,115.61,111.97,110.59,106.76
S094,115.22,106.59,103.55,99.87,104.90,102.70,102.10,94.75,102.80,97.29,99.00,96.96,102.80,97.29,99.00,96.96,98.50,97.29,99.21,101.16,98.46,101.32,102.26,107.17,100.37,106.07,114.09,125.87,116.38,129.12,136.83,135.21,147.34,151.00,144.53,125.96,163.93,135.18,124.08,114.09,141.98,117.94,102.31,77.83,111.22,85.64,89.42,74.51,90.57,82.36,73.71,56.91,73.64,51.71,45.13,34.25,47.14,36.57,26.73,19.94,20.18,27.40,28.69,42.01,24.78,36.84,53.28,71.00,62.61,77.17,81.88,91.64,81.59,87.73,101.76,117.90,99.21,112.77,118.06,121.60,118.48,122.43,125.01,127.71,129.09,127.72,126.91,125.00,130.04,122.91,119.65,115.16,123.10,117.57,116.12,107.10,115.07,107.49,105.44,99.17
S095,101.59,99.82,98.60,95.99,100.57,98.42,98.28,97.30,98.09,97.92,98.74,98.74,98.09,97.92,98.74,98.74,97.51,98.38,98.70,101.71,97.64,98.55,101.05,103.52,100.03,103.60,111.69,118.47,116.71,127.37,129.93,134.33,144.79,144.61,133.53,118.38,141.14,124.12,115.07,95.46,131.44,111.00,85.83,60.95,87.70,80.53,54.10,17.25,44.02,24.01,10.38,0.00,0.00,0.00,-0.04,-0.35,-1.00,-1.01,-1.91,-3.09,-5.11,-3.89,-3.48,-2.32,-5.10,-1.36,-0.90,-0.09,-0.08,0.00,13.96,44.26,27.40,61.23,86.42,104.27,84.05,95.27,109.97,121.29,117.68,126.72,137.71,154.33,150.50,151.27,144.98,132.35,147.72,131.23,122.66,116.87,127.99,122.29,118.03,111.07,118.01,115.01,110.98,103.49
S096,110.94,108.55,106.12,102.77,106.08,104.07,103.85,102.44,107.40,103.93,103.02,102.45,107.40,103.93,103.02,102.45,103.53,103.72,105.48,106.66,104.13,107.53,110.23,116.88,107.36,116.01,123.40,138.16,125.60,137.93,145.19,150.65,154.98,143.22,130.10,110.89,140.46,125.58,116.01,73.41,123.86,98.87,68.89,26.60,65.72,17.33,0.00,-2.43,-0.36,-0.98,-1.17,-7.17,-3.88,-7.51,-9.49,-14.45,-15.00,-18.38,-25.00,-25.56,-28.36,-22.33,-14.99,-10.32,-9.83,-6.00,-2.46,-1.39,-1.47,-2.00,-0.06,3.49,4.32,29.37,82.30,113.63,75.16,94.65,118.46,132.92,112.94,127.10,142.92,177.51,167.66,157.78,155.88,134.32,150.01,126.74,122.30,114.99,125.79,117.45,110.48,104.08,109.47,107.14,103.77,99.93
S097,103.45,101.44,99.50,96.17,100.61,98.40,96.99,94.50,97.79,96.46,96.32,96.37,97.79,96.46,96.32,96.37,96.61,96.01,96.10,96.11,92.98,95.54,96.38,98.50,97.89,100.97,106.78,111.00,113.62,119.43,121.89,121.06,128.39,121.90,120.62,106.69,131.58,126.69,109.98,70.54,117.59,79.37,50.91,5.30,0.50,-0.09,-1.00,-1.66,-1.84,-3.53,-7.58,-11.75,-13.99,-23.94,-32.19,-45.91,-39.98,-49.72,-51.59,-56.95,-56.32,-51.01,-48.14,-39.98,-39.00,-28.46,-14.99,-9.11,-6.53,-1.09,-0.10,0.00,-0.05,0.09,7.35,80.48,47.57,84.00,111.81,130.91,105.21,116.27,127.40,137.12,144.91,141.12,136.03,125.76,125.39,118.75,113.99,107.02,113.46,110.37,107.98,101.13,104.64,99.77,98.88,94.54
S098,111.03,101.27,98.27,99.25,101.39,99.96,99.65,99.52,101.70,100.45,100.36,100.33,101.70,100.45,100.36,100.33,100.57,101.38,102.28,102.53,102.15,104.20,106.78,108.30,104.95,111.09,121.39,127.79,125.18,133.35,133.58,135.38,149.44,142.82,135.96,123.73,154.95,126.10,113.20,76.49,128.29,82.77,68.38,44.18,59.69,17.37,1.23,0.00,0.09,0.00,-0.03,-0.20,-1.50,-4.51,-7.05,-14.57,-15.00,-20.06,-30.00,-39.50,-32.69,-31.26,-30.00,-26.06,-26.73,-19.68,-12.81,-7.00,-5.43,-1.01,-0.02,0.01,0.00,17.30,79.33,107.00,58.02,96.13,119.06,146.06,107.98,123.55,133.50,170.21,141.51,136.03,141.06,130.76,163.25,129.56,122.01,109.28,129.86,124.91,120.72,112.02,117.96,114.80,111.92,109.09
S099,78.31,76.49,80.45,82.51,81.39,81.55,85.43,86.01,85.35,85.74,88.25,89.06,85.35,85.74,88.25,89.06,87.93,89.37,91.27,93.38,88.47,91.15,98.27,98.72,94.22,99.49,99.90,100.95,97.10,97.20,94.04,88.40,92.25,88.22,83.16,68.98,88.85,73.00,45.72,9.68,4.91,-0.09,-0.81,-4.05,-5.01,-19.64,-38.00,-50.09,-72.00,-86.99,-137.11,-213.36,-213.54,-247.77,-256.17,-322.36,-360.35,-376.09,-451.35,-467.29,-480.01,-451.12,-392.82,-329.03,-321.10,-276.53,-225.99,-119.95,-89.22,-44.99,-12.00,-3.01,-2.10,-0.13,0.39,46.55,42.67,100.92,144.26,164.54,114.89,132.34,164.64,189.28,151.98,161.01,166.23,152.04,150.00,142.46,136.88,133.27,133.98,129.96,123.91,117.78,124.86,127.56,121.08,118.00
S100,101.96,98.38,97.46,95.03,97.82,96.32,96.70,96.06,97.83,97.54,98.44,97.86,97.83,97.54,98.44,97.86,97.59,98.03,98.71,99.78,98.68,99.80,100.79,103.33,102.07,105.04,109.71,114.80,121.58,137.93,149.84,149.84,153.00,130.17,119.20,105.02,134.59,120.46,105.15,89.26,117.75,96.95,50.54,0.44,10.80,-0.02,-4.28,-10.81,-7.52,-7.99,-10.70,-20.06,-20.00,-30.00,-36.06,-49.00,-49.95,-57.79,-63.47,-70.24,-63.51,-57.71,-51.51,-49.00,-50.00,-39.89,-32.91,-22.08,-26.47,-13.12,-5.10,-0.31,-6.36,-0.10,8.05,76.99,41.92,85.07,110.92,126.67,104.21,110.63,127.21,161.19,144.85,143.87,149.20,144.45,158.50,131.32,118.72,111.26,123.50,117.26,114.21,107.66,111.96,106.21,103.32,98.90
S101,129.53,120.08,119.66,115.51,118.26,117.91,115.95,112.01,111.26,110.89,110.00,108.50,111.26,110.89,110.00,108.50,109.30,109.12,107.90,107.59,106.86,105.64,106.06,106.61,104.70,107.16,107.14,109.29,107.83,103.94,102.74,92.29,119.77,93.26,69.10,59.22,87.76,75.25,67.29,56.65,62.23,36.36,25.82,6.22,6.35,0.00,-0.59,-0.61,-0.36,-0.77,-1.45,-3.13,-5.34,-6.55,-7.27,-8.00,-12.59,-15.00,-15.15,-15.00,-11.63,-12.70,-9.60,-9.60,-10.01,-4.70,-1.09,-0.07,-0.85,-0.60,0.19,37.79,21.26,68.25,99.69,133.63,101.69,114.99,127.99,137.62,123.52,124.77,137.89,153.00,139.64,142.03,141.98,139.83,147.94,138.68,133.94,128.68,140.07,137.75,124.87,118.82,133.96,121.24,115.95,113.31
S102,128.01,119.76,118.18,114.19,118.03,114.15,113.02,111.72,113.46,113.01,112.76,113.43,113.46,113.01,112.76,113.43,112.61,112.83,113.54,113.00,112.99,112.66,113.72,113.99,112.56,116.12,119.09,125.13,120.60,129.72,136.04,138.20,150.10,149.96,141.04,128.70,177.79,143.93,131.37,113.11,136.86,125.49,115.83,107.04,119.47,110.19,102.77,102.77,111.00,102.73,102.57,100.18,99.79,99.72,103.31,97.55,96.30,91.64,85.62,83.80,85.74,88.77,92.96,97.85,102.66,99.76,102.40,107.68,105.69,104.67,115.16,125.13,111.71,119.64,129.04,139.82,124.08,131.45,141.11,155.00,140.50,150.01,157.31,170.60,146.00,151.24,160.19,170.23,163.72,162.30,153.00,139.42,155.83,148.44,139.95,129.43,137.00,129.51,126.10,120.43
S103,133.41,127.49,126.00,125.47,127.56,126.49,124.69,123.05,129.36,124.90,124.28,123.19,129.36,124.90,124.28,123.19,124.99,123.11,123.09,122.74,121.74,126.49,125.41,123.15,123.40,126.34,126.61,119.41,130.32,119.68,108.57,101.99,122.00,103.70,97.10,81.87,111.06,96.22,63.18,12.88,33.59,9.96,1.15,0.02,0.07,0.00,-0.01,-0.05,-0.05,-0.49,-0.87,-1.27,-0.99,-1.43,-1.99,-3.11,-2.19,-2.05,-2.40,-2.02,-2.01,-1.24,-1.30,-1.05,-0.83,-0.11,-0.07,-0.01,-0.06,-0.03,0.23,7.39,10.13,59.03,95.49,119.37,90.98,108.78,119.52,124.49,112.28,121.51,125.22,128.99,127.02,129.30,130.23,130.72,131.29,128.95,127.41,126.41,126.89,124.91,123.62,121.14,124.15,121.59,120.47,113.14
S104,146.56,136.60,130.07,125.40,130.09,125.15,124.51,124.14,125.05,126.34,126.33,126.27,125.05,126.34,126.33,126.27,126.54,125.75,126.55,126.73,126.85,128.42,128.65,133.52,126.21,134.11,139.47,148.30,144.36,150.00,153.70,162.01,170.73,161.72,159.09,148.76,168.97,160.65,149.07,129.73,141.20,131.48,120.03,110.81,119.45,108.66,106.13,97.16,103.11,100.78,98.30,98.02,101.00,95.67,93.05,89.86,94.96,95.34,97.60,92.01,87.87,94.73,100.89,103.59,90.00,102.33,106.96,110.33,102.93,108.09,116.88,127.96,117.96,125.35,138.93,154.02,133.01,142.66,153.30,179.58,149.36,167.24,194.87,259.94,231.64,246.32,269.10,256.53,278.16,224.30,192.96,161.93,176.36,161.01,155.91,149.31,158.17,148.64,148.41,140.36
S105,159.63,148.47,143.89,141.02,149.05,140.90,139.01,138.81,140.90,138.03,139.31,139.05,140.90,138.03,139.31,139.05,138.65,137.03,138.24,140.24,135.64,136.80,143.79,150.04,140.19,144.05,149.52,153.92,159.86,172.32,170.53,155.13,174.74,156.79,150.56,133.00,153.56,140.35,125.05,108.46,126.01,116.24,101.28,91.44,104.17,98.53,90.03,84.33,90.03,84.35,79.79,74.17,76.65,76.21,70.33,69.39,74.12,73.65,74.02,73.16,69.07,78.01,83.48,88.68,77.67,84.70,91.25,96.66,89.48,98.42,105.84,115.26,110.09,118.33,136.59,144.16,129.21,138.66,148.74,163.19,148.84,159.35,172.48,209.27,187.34,183.63,178.96,173.68,187.32,163.00,157.85,146.35,161.14,150.89,141.38,128.77,140.89,133.99,128.71,123.62
S106,135.39,127.90,118.67,112.96,120.11,115.70,113.69,109.04,111.37,109.00,109.20,109.44,111.37,109.00,109.20,109.44,111.81,110.12,109.73,108.23,108.69,109.13,111.44,112.38,111.67,115.00,119.34,130.19,127.90,138.73,139.30,134.02,148.40,143.33,132.67,123.50,139.14,132.14,121.57,109.20,120.27,110.67,107.96,97.34,95.27,92.00,90.00,81.53,88.32,74.06,75.74,63.73,83.58,66.14,59.12,47.18,60.01,48.98,42.01,28.99,27.36,30.07,35.95,40.67,31.59,38.78,48.84,63.43,18.01,60.00,84.72,97.31,72.69,96.22,106.91,121.77,105.75,122.00,140.03,153.07,127.20,144.24,153.00,173.83,151.79,163.47,172.76,183.67,183.03,170.74,160.49,145.74,168.31,152.27,144.45,135.05,145.72,142.56,136.64,131.09
S107,143.41,136.51,129.80,122.39,129.13,123.64,118.58,115.29,117.54,115.30,115.29,115.96,117.54,115.30,115.29,115.96,113.16,112.94,113.75,114.35,110.35,113.43,117.68,122.58,120.60,124.72,132.60,135.70,135.49,144.64,145.69,145.44,155.12,148.25,141.26,129.84,153.00,134.38,124.15,114.02,118.59,103.93,100.82,93.22,98.62,91.92,79.01,55.24,71.73,54.02,30.26,15.00,15.00,11.77,11.77,10.01,10.12,8.45,6.26,4.65,5.00,9.10,9.34,11.81,9.10,20.08,46.72,64.90,27.57,67.33,90.66,101.27,78.07,100.00,110.97,130.94,113.13,130.93,146.45,153.04,141.59,153.00,164.02,194.81,176.01,194.58,218.71,229.48,216.56,194.74,179.72,162.65,195.75,164.27,155.42,148.70,153.65,149.09,144.01,138.82
S108,158.13,141.50,128.37,119.04,136.14,130.04,130.88,122.94,131.69,128.23,121.01,122.54,131.69,128.23,121.01,122.54,126.48,126.47,126.45,122.07,121.72,119.87,121.44,123.90,126.47,121.60,117.93,111.04,130.30,121.91,109.98,103.28,131.84,103.94,90.86,61.70,104.14,63.43,24.41,7.47,5.40,1.00,0.00,0.00,-0.01,-0.02,-0.30,-1.00,-2.02,-2.11,-5.99,-5.48,-6.01,-10.03,-13.54,-19.99,-25.00,-30.00,-36.65,-35.62,-27.03,-20.06,-13.54,-13.05,-8.67,-3.23,-2.10,-2.00,-1.07,-0.09,0.00,0.01,0.10,3.80,55.51,118.38,82.37,113.59,133.00,154.09,125.87,140.19,154.83,177.74,157.50,165.59,184.68,190.31,180.88,173.03,167.90,162.45,181.05,158.92,148.92,138.77,153.60,148.80,139.27,136.94
S109,153.00,150.07,136.77,135.37,137.14,136.38,131.20,128.79,142.49,139.03,135.29,130.73,142.49,139.03,135.29,130.73,126.41,125.79,125.47,124.09,121.30,121.15,125.00,124.11,124.69,120.33,115.47,110.40,119.52,113.00,103.89,98.77,123.75,97.76,84.70,47.64,57.02,7.96,0.49,0.00,0.01,0.00,-0.01,-0.11,-0.11,-0.90,-3.00,-6.00,-6.00,-11.30,-14.40,-23.63,-19.60,-29.99,-42.07,-58.79,-60.03,-72.01,-85.00,-86.71,-77.91,-70.01,-59.00,-40.09,-46.33,-27.27,-14.37,-6.00,-6.00,-1.52,-0.27,-0.04,-0.01,0.00,1.96,55.55,22.69,89.78,130.46,142.58,120.26,126.09,134.39,152.13,133.12,147.84,159.96,163.15,161.01,159.13,151.62,141.15,157.72,149.99,139.38,130.59,138.39,132.96,129.70,127.35
S110,140.12,135.31,133.53,130.19,133.49,128.10,126.88,121.60,122.66,121.04,120.07,118.40,122.66,121.04,120.07,118.40,119.29,118.85,118.88,118.46,116.35,118.94,119.54,121.36,115.67,117.02,123.30,128.95,129.59,138.10,137.54,131.57,147.70,138.96,126.03,111.71,142.81,114.69,98.32,69.99,104.00,67.98,17.27,3.69,11.00,2.65,0.07,-0.02,0.00,-0.03,-0.28,-0.77,-0.78,-1.00,-1.21,-1.21,-1.17,-1.37,-2.00,-2.00,-1.91,-1.28,-1.62,-1.77,-1.80,-2.02,-1.90,-1.09,-1.88,-0.09,-0.01,0.29,2.00,5.00,39.17,82.66,38.62,88.05,121.37,143.35,113.08,134.51,145.49,152.99,140.99,149.55,164.87,171.30,168.96,161.88,154.84,144.44,154.40,145.69,141.30,135.25,140.32,134.31,130.27,128.92
S111,138.60,132.54,130.61,130.03,136.00,128.58,127.85,125.72,128.08,125.79,127.78,127.30,128.08,125.79,127.78,127.30,127.04,127.27,127.60,127.54,126.09,127.96,130.81,135.50,131.16,134.81,138.47,137.57,146.72,152.08,148.81,146.20,152.69,145.41,136.70,117.82,143.89,131.71,120.74,97.27,123.88,94.45,77.76,54.08,51.39,17.01,6.32,2.51,1.56,0.70,0.01,0.00,0.03,0.00,-0.01,-0.01,0.00,-0.01,-0.01,-0.03,-0.02,0.00,0.00,0.02,0.00,0.01,0.84,4.34,2.84,10.00,52.31,93.43,65.43,92.56,111.01,136.03,110.33,130.09,147.28,165.30,154.47,170.65,204.46,340.83,266.94,373.45,468.31,467.04,434.98,442.02,361.81,233.26,321.71,211.88,171.13,158.28,174.39,165.50,155.42,143.88
S112,162.14,151.73,137.00,126.90,144.99,137.01,129.76,123.95,129.43,128.08,127.83,126.56,129.43,128.08,127.83,126.56,128.05,127.00,126.00,123.72,124.30,125.00,125.40,126.41,125.07,124.70,124.40,127.81,131.65,137.04,132.49,126.36,136.96,130.10,124.97,111.95,135.21,120.54,107.00,91.51,108.14,87.32,61.63,30.54,39.00,16.92,8.34,3.85,1.36,0.00,-0.05,-0.15,-0.04,-0.04,-0.07,-0.07,-0.09,-0.04,-0.01,0.00,-0.21,-0.09,0.00,0.30,0.84,2.11,9.10,25.59,5.27,29.31,70.00,101.86,73.14,90.63,111.68,138.18,112.36,129.06,145.24,161.28,146.17,163.69,184.34,205.59,212.39,237.21,251.66,261.18,237.99,207.39,192.35,167.89,182.99,164.80,155.27,143.74,152.99,150.71,142.76,134.31
S113,145.00,136.85,132.43,127.78,133.39,129.20,126.54,124.67,125.01,123.65,124.00,122.43,125.01,123.65,124.00,122.43,122.23,120.07,120.86,121.18,122.77,124.33,126.26,128.07,128.62,125.87,124.00,121.69,123.56,120.30,119.64,112.47,120.53,114.24,108.48,93.13,117.09,96.74,79.31,62.33,75.59,46.95,16.59,7.60,9.99,1.75,0.10,0.00,0.00,0.00,-0.01,-0.01,-0.01,-0.05,-0.05,-0.10,-1.01,-1.29,-1.44,-2.03,-1.08,-1.00,-0.71,-0.20,-0.02,-0.01,-0.01,0.00,0.00,0.00,0.51,11.52,8.44,49.08,87.48,105.00,78.97,102.19,119.58,127.29,125.30,132.40,146.21,155.58,142.31,155.20,168.14,176.45,172.21,170.38,176.28,168.51,173.86,160.92,156.00,146.83,150.13,142.71,140.61,138.71
S114,146.56,139.00,134.18,125.91,132.55,129.61,128.09,126.17,127.54,126.55,126.31,123.26,127.54,126.55,126.31,123.26,124.98,124.08,125.16,126.57,127.80,127.60,127.80,124.60,128.99,124.68,122.76,117.00,123.04,119.82,112.08,105.07,111.87,105.72,99.24,85.41,104.68,94.56,84.13,78.38,77.89,62.52,51.11,33.64,26.20,4.06,0.01,0.00,0.00,0.00,0.00,0.00,0.00,0.00,-0.01,-0.01,-0.01,-0.01,-0.01,-0.01,-0.01,-0.01,-0.01,-0.01,-0.01,0.00,0.00,0.01,7.73,38.06,63.88,86.34,65.94,89.41,104.00,124.35,104.00,119.02,136.47,149.57,131.77,137.98,145.22,150.51,144.07,147.98,157.35,161.65,158.51,155.56,154.78,155.29,162.16,154.86,150.94,144.55,151.52,146.95,142.99,139.93
S115,151.03,138.97,140.84,133.19,138.53,129.39,124.37,120.73,121.29,125.70,124.02,121.54,121.29,125.70,124.02,121.54,120.12,120.14,120.27,120.65,120.77,121.49,125.99,129.70,124.65,130.16,138.23,147.33,159.76,172.17,162.83,161.36,174.07,161.15,155.00,149.78,176.53,165.41,141.68,123.24,162.51,138.13,120.74,111.42,129.91,115.90,113.69,111.14,116.31,111.36,106.79,98.11,100.01,93.33,91.81,87.18,92.62,92.21,88.45,86.35,86.35,86.95,86.61,89.88,86.00,92.59,95.50,106.30,88.99,99.53,111.32,127.10,105.54,113.63,131.00,150.80,112.73,128.46,147.76,176.88,163.94,186.99,230.00,325.52,278.25,340.48,380.00,422.28,399.91,358.57,311.36,263.63,311.97,231.97,186.32,159.75,175.44,164.60,156.98,147.08
S116,119.10,118.10,115.01,112.99,115.01,113.20,111.10,108.27,109.75,107.68,107.76,106.88,109.75,107.68,107.76,106.88,107.50,106.63,106.73,108.34,106.52,106.42,107.68,108.14,108.29,109.84,113.69,121.28,127.34,130.18,132.23,133.20,144.42,139.54,134.02,129.34,146.41,135.32,129.27,113.31,133.27,116.89,106.27,92.16,103.20,94.48,92.93,85.76,89.95,82.40,82.04,66.60,77.52,65.00,52.37,37.79,50.09,40.00,35.35,25.89,29.21,36.06,37.88,49.02,29.38,44.81,48.75,65.46,44.72,70.98,84.14,107.76,67.87,85.98,106.37,121.91,103.26,115.96,130.81,138.72,125.93,131.81,141.58,154.15,146.50,147.84,145.29,145.32,149.96,137.08,127.64,119.00,136.00,124.67,117.73,105.41,113.09,103.13,99.00,82.41
S117,100.55,90.20,85.64,68.43,80.46,79.81,73.25,68.43,68.67,68.70,67.06,63.25,68.67,68.70,67.06,63.25,68.40,65.82,66.98,68.69,66.49,66.20,66.17,74.31,68.61,69.99,74.14,72.00,71.72,75.89,76.75,71.52,94.03,91.05,84.51,78.73,102.37,85.14,69.15,45.82,62.40,43.80,20.54,9.76,14.14,5.00,0.02,0.00,0.00,0.00,0.00,-0.01,-0.01,-0.03,-0.03,-0.03,-0.03,-0.05,-0.03,-0.08,-0.04,-0.05,-0.04,-0.01,-0.01,0.00,0.03,6.45,6.30,14.67,34.98,58.60,37.06,60.69,84.13,98.73,74.40,96.81,117.51,117.29,105.01,112.28,117.62,121.75,114.27,117.46,119.56,120.56,115.92,116.36,115.60,113.61,115.96,112.12,111.68,107.00,107.24,103.44,99.31,90.21
S118,93.68,80.73,75.07,73.30,82.11,79.21,80.74,75.73,72.52,83.38,86.50,91.39,72.52,83.38,86.50,91.39,92.14,84.15,82.80,81.01,80.90,86.80,91.81,99.82,90.54,93.10,96.86,108.53,113.46,115.75,115.26,115.12,126.11,119.28,116.72,112.36,121.68,114.66,113.24,105.69,117.16,110.51,92.00,73.53,105.08,92.64,75.66,71.08,81.91,77.47,64.78,59.14,59.03,45.78,40.03,35.98,42.04,36.35,33.73,24.59,25.47,24.71,27.23,31.39,16.00,27.60,44.96,63.48,45.97,61.26,79.43,103.56,72.27,97.16,114.99,132.59,100.54,120.66,137.23,157.18,127.08,144.30,158.07,172.54,164.88,172.40,189.02,190.01,194.72,192.47,189.89,180.34,182.58,170.99,164.24,158.73,163.75,153.92,148.58,141.99
S119,142.87,129.99,124.63,118.56,125.38,122.62,121.18,119.45,118.08,114.99,116.70,112.23,118.08,114.99,116.70,112.23,114.20,111.15,110.72,108.80,111.50,110.41,109.99,110.00,113.40,114.24,115.35,120.38,124.84,131.09,133.35,131.33,141.69,135.26,134.09,127.49,138.32,129.26,125.11,114.87,127.06,109.58,102.66,88.70,100.01,85.90,78.90,64.53,82.23,65.41,55.81,40.15,50.63,28.44,15.10,6.69,8.10,3.83,2.10,0.10,0.10,0.30,0.09,0.09,0.09,0.38,1.11,4.50,3.39,13.01,40.66,65.28,30.02,71.85,93.49,107.55,93.88,111.99,128.27,140.05,121.60,137.96,144.01,145.63,145.18,150.20,157.02,162.52,157.61,158.32,157.70,151.47,152.66,149.99,143.95,133.37,141.76,132.09,129.38,122.00
S120,129.90,126.58,123.99,119.18,122.96,118.40,115.29,110.96,114.25,110.27,111.03,108.96,114.25,110.27,111.03,108.96,110.81,111.24,111.16,112.02,108.82,111.12,115.03,117.99,113.42,117.25,118.43,125.91,128.02,134.26,134.09,131.20,140.11,138.02,135.40,133.70,141.21,132.74,126.51,106.15,124.13,108.38,95.00,90.90,99.10,88.26,86.87,72.00,82.25,75.99,69.99,64.00,69.93,64.48,69.22,71.08,72.37,72.07,71.91,69.92,70.04,72.04,79.02,90.20,71.31,87.05,88.78,99.36,85.53,96.31,108.64,123.33,105.53,119.26,131.90,144.91,123.75,139.17,147.66,151.52,145.05,158.68,177.37,202.77,186.58,203.54,226.12,239.68,226.06,209.80,196.35,187.78,189.20,176.19,162.06,147.09,169.80,149.99,146.65,140.56
S121,147.22,140.88,141.48,133.35,138.53,134.95,131.42,129.05,130.20,126.50,124.57,123.51,130.20,126.50,124.57,123.51,128.26,125.13,125.65,123.99,125.23,125.50,126.02,127.43,123.99,123.86,127.62,131.18,135.19,139.53,140.00,138.60,154.08,139.93,134.88,126.30,142.42,134.02,122.79,107.33,119.28,106.67,99.31,89.93,105.49,93.17,83.72,79.79,89.69,78.99,73.61,65.60,67.03,61.78,58.62,53.66,59.34,49.35,42.21,30.34,33.92,32.30,30.07,30.03,39.94,46.02,51.78,66.36,52.80,71.97,85.02,104.08,77.87,100.00,107.77,120.75,110.54,118.11,133.28,149.99,126.37,139.34,150.06,169.17,159.40,168.88,183.74,187.41,183.29,172.46,161.20,142.82,152.66,143.04,131.98,121.25,128.03,119.99,114.37,101.86
S122,128.14,119.99,113.80,105.65,112.92,107.02,99.11,89.00,101.48,96.28,93.90,86.36,101.48,96.28,93.90,86.36,94.59,92.01,90.68,90.93,90.27,91.85,93.38,96.69,88.54,91.92,97.39,106.46,105.96,119.24,121.37,124.46,125.69,125.53,120.69,118.71,134.49,129.37,124.34,121.16,123.77,120.00,114.56,111.29,111.04,104.18,98.36,94.82,95.48,91.74,89.78,85.04,83.17,78.97,82.44,79.44,73.33,72.13,69.90,65.17,59.34,59.14,60.51,62.49,52.51,51.26,57.94,62.48,53.76,63.48,71.66,84.17,61.29,75.02,83.54,95.64,86.73,97.01,112.92,117.94,109.59,115.62,119.31,118.97,114.24,111.49,107.74,109.19,110.75,110.23,110.12,108.14,113.43,112.51,112.25,106.30,108.06,101.83,100.10,93.60
S123,108.97,89.50,78.71,71.16,85.86,77.33,71.47,61.52,71.15,64.66,64.66,62.94,71.15,64.66,64.66,62.94,69.24,64.51,63.37,58.22,72.16,67.64,62.43,60.00,72.68,60.04,45.80,36.66,49.65,34.72,26.79,15.36,30.68,14.84,7.00,2.10,1.40,0.00,-0.01,-0.08,-0.08,-0.28,-2.00,-2.07,-2.01,-3.24,-5.01,-9.41,-9.98,-14.90,-17.90,-20.00,-19.94,-24.81,-29.94,-35.00,-35.49,-45.01,-49.98,-52.99,-46.52,-46.52,-45.00,-41.95,-36.82,-34.00,-30.00,-25.34,-25.00,-19.99,-18.01,-13.68,-9.01,-4.79,-1.98,-1.08,-0.85,-1.34,-0.09,0.09,3.03,20.20,48.70,61.71,45.77,72.65,82.26,88.34,82.23,85.90,88.01,92.50,110.49,103.77,103.01,92.67,97.89,89.98,85.79,78.34
S124,131.85,126.99,118.46,114.01,120.70,117.21,116.34,115.02,116.34,114.93,113.43,110.40,116.34,114.93,113.43,110.40,113.01,112.65,108.67,109.64,110.40,110.33,111.44,112.79,112.01,112.79,116.79,118.90,125.00,127.70,129.27,130.00,138.99,133.31,131.48,123.00,139.77,127.58,122.52,115.39,118.93,113.66,105.42,100.00,95.33,90.69,85.90,72.00,94.25,85.14,76.50,66.26,76.01,67.74,63.35,58.89,65.34,60.00,51.01,40.67,47.94,48.63,50.51,55.85,50.49,57.89,61.41,71.09,60.43,73.30,90.53,101.57,94.18,104.24,115.15,125.32,114.01,122.81,128.89,142.73,126.98,141.39,154.11,169.99,150.54,169.37,180.63,195.87,186.36,192.51,182.16,164.65,191.46,162.79,153.99,147.20,152.53,145.78,140.07,134.05
S125,143.06,135.06,134.15,128.76,129.56,126.55,124.29,122.51,123.33,121.85,121.45,120.82,123.33,121.85,121.45,120.82,120.73,119.15,119.33,119.53,117.66,118.61,119.97,121.01,124.26,124.96,128.00,131.14,133.81,137.58,135.95,133.86,143.99,137.46,136.26,123.35,131.00,123.60,117.40,102.93,117.00,104.99,98.81,86.06,99.42,83.45,71.20,46.47,65.16,50.60,35.25,25.10,39.95,28.68,24.99,19.37,26.27,21.89,15.51,11.01,21.13,23.76,26.27,32.44,25.00,42.00,54.10,71.29,46.78,74.96,89.98,104.52,80.84,100.22,114.27,126.73,102.06,127.02,144.51,169.24,148.14,174.46,277.52,413.45,319.25,382.00,494.27,544.75,529.97,501.04,390.01,346.64,400.01,296.43,196.85,163.99,187.55,163.09,155.16,146.27
S126,154.26,148.21,143.99,140.11,142.05,135.79,128.43,123.78,130.43,124.13,122.95,121.78,130.43,124.13,122.95,121.78,121.78,121.06,120.00,119.00,117.83,118.51,118.45,119.08,118.00,119.24,120.93,124.21,142.55,141.33,140.23,130.76,139.73,136.16,123.12,110.48,123.05,114.71,109.69,100.38,112.40,103.72,89.70,75.76,90.08,80.07,65.07,44.41,53.93,38.60,24.83,11.00,21.80,14.01,14.20,9.99,12.97,10.31,12.03,9.63,10.44,13.59,16.10,25.09,18.74,32.31,49.48,70.88,50.72,78.37,89.28,104.37,90.57,106.85,114.13,121.74,110.65,121.31,135.37,151.48,143.80,153.85,179.84,205.65,186.52,199.16,207.14,212.62,201.62,195.70,183.88,160.93,173.33,162.40,150.07,145.65,148.51,142.16,133.86,126.60
S127,148.17,138.76,134.02,130.71,131.60,129.38,127.65,125.63,129.18,125.92,125.65,124.91,129.18,125.92,125.65,124.91,124.99,124.95,123.94,122.80,122.79,122.51,122.18,122.25,124.34,120.23,119.66,114.12,120.01,113.45,110.18,104.76,118.10,110.11,98.30,82.91,109.94,84.68,60.00,28.64,53.06,35.25,12.54,3.08,4.10,1.31,0.04,0.00,0.00,0.00,0.00,-0.01,0.00,-0.01,-0.01,-0.01,-0.01,-0.01,-0.01,-0.01,-0.01,-0.01,0.00,0.00,0.00,0.00,0.00,0.03,0.11,2.05,6.85,42.04,20.05,71.81,95.84,123.18,100.07,111.62,117.94,132.83,118.38,134.57,140.02,142.71,142.87,149.57,153.13,154.44,152.23,150.92,150.00,147.91,150.27,149.64,145.73,138.76,144.46,136.22,132.61,122.68
S128,138.16,129.33,124.27,121.75,122.77,121.19,118.97,117.56,119.42,114.98,113.15,112.30,119.42,114.98,113.15,112.30,114.64,114.80,115.01,116.45,114.40,116.23,117.82,120.07,118.61,121.36,123.07,132.52,136.17,140.91,142.09,142.20,153.56,148.75,146.84,135.00,147.33,134.30,125.31,108.35,123.20,113.52,101.22,90.71,104.95,88.13,80.51,65.00,71.01,61.20,51.00,46.00,49.66,40.50,37.90,30.01,35.68,33.19,30.24,30.25,29.71,39.61,44.94,52.96,48.38,59.06,65.51,81.12,72.30,84.33,94.04,112.92,92.65,111.91,120.11,131.61,119.94,131.55,149.23,181.62,150.06,165.89,208.69,269.39,222.38,263.67,293.00,308.06,287.12,270.10,241.87,202.73,229.30,204.92,170.60,153.46,164.00,159.86,153.49,146.66
S129,154.13,148.58,143.09,138.44,143.71,139.12,137.82,135.85,136.68,135.01,133.83,134.52,136.68,135.01,133.83,134.52,134.90,136.35,135.47,136.57,136.49,136.12,137.43,142.20,135.54,136.66,143.23,153.77,152.95,163.30,167.98,172.65,181.90,167.70,154.13,136.80,158.07,141.51,123.00,112.57,124.07,115.80,108.01,100.59,113.10,99.87,89.95,82.33,86.57,79.48,70.89,69.14,76.72,67.63,63.67,60.56,62.71,62.14,59.20,57.33,57.39,63.46,71.70,78.06,68.40,75.32,88.73,92.96,80.96,95.79,107.51,120.00,103.30,117.33,124.07,142.13,119.87,147.23,178.52,233.11,180.97,243.87,423.37,514.61,458.70,529.61,578.69,615.02,565.74,555.28,546.71,447.22,462.55,419.71,265.68,192.53,218.47,222.47,187.30,169.35
S130,200.10,171.00,154.03,153.14,165.17,157.72,151.90,144.95,154.00,144.32,142.50,140.72,154.00,144.32,142.50,140.72,146.44,143.04,141.21,141.20,139.55,143.57,142.90,141.61,142.02,141.22,144.96,150.09,161.34,169.19,161.40,153.39,178.00,157.34,141.40,116.93,141.16,124.79,112.50,97.94,121.26,112.25,103.77,82.75,106.37,95.60,80.01,57.00,92.83,72.10,56.48,46.96,53.74,45.35,41.06,30.65,45.00,36.16,28.67,26.01,23.39,26.14,44.42,55.11,41.52,61.73,77.02,90.96,65.14,80.54,94.40,113.09,78.47,107.13,115.80,125.00,91.39,114.88,142.45,192.20,138.01,171.26,210.25,293.74,238.34,286.50,308.06,310.19,363.00,301.08,248.00,194.38,217.11,197.25,172.75,159.44,172.06,159.81,146.28,144.83
S131,145.13,140.90,135.19,124.62,130.47,128.55,124.47,120.63,122.79,120.62,118.82,116.50,122.79,120.62,118.82,116.50,116.18,115.59,115.98,115.00,114.60,114.57,115.00,114.77,115.54,115.09,115.00,114.86,116.00,115.00,110.69,106.56,114.60,112.36,104.86,85.90,108.47,82.99,70.44,44.84,67.55,37.96,18.08,7.66,14.43,4.99,0.84,0.35,0.54,0.01,0.00,-0.07,0.00,0.00,-0.02,-0.07,-0.92,-0.91,-0.90,-0.89,-0.10,-0.01,0.00,0.00,0.00,0.01,0.99,5.48,0.45,8.43,29.74,72.04,27.73,78.25,107.13,125.46,105.26,111.58,115.79,125.41,115.30,136.65,143.02,156.98,147.61,152.39,155.98,156.73,161.90,159.65,155.89,166.72,161.67,161.61,154.34,151.56,152.08,145.00,142.97,136.41
S132,176.39,161.09,156.31,153.15,156.66,148.17,139.84,136.81,142.23,139.44,139.96,139.19,142.23,139.44,139.96,139.19,144.99,140.47,139.03,138.40,143.22,139.44,140.62,142.19,141.77,149.11,151.71,163.43,173.22,188.35,189.42,195.63,211.84,195.02,185.24,165.14,197.12,168.11,141.44,117.40,152.40,121.87,111.01,105.10,118.10,109.57,107.80,100.00,110.48,105.95,99.40,91.35,99.71,98.90,99.28,98.41,97.43,100.41,100.51,99.33,93.55,101.98,105.26,110.77,107.35,115.76,121.37,119.94,115.05,120.21,127.82,146.52,118.59,128.23,153.00,205.11,155.27,181.63,264.01,381.00,358.76,444.19,471.19,532.18,464.99,487.11,530.25,536.72,465.31,427.03,389.57,301.06,349.15,285.01,233.59,226.38,202.79,186.85,179.53,160.75
S133,166.60,163.16,160.70,150.20,162.50,145.88,134.49,130.77,135.90,129.89,129.14,126.50,135.90,129.89,129.14,126.50,125.00,122.52,118.61,115.18,116.10,114.90,112.89,112.48,112.75,113.00,115.06,117.00,129.18,124.88,119.07,111.13,130.57,119.25,108.87,93.02,118.89,106.68,93.80,45.89,86.52,68.74,25.05,0.06,17.58,4.50,0.06,0.00,0.00,-0.01,-0.09,-0.19,-1.37,-1.19,-2.01,-2.02,-1.99,-1.84,-2.01,-2.02,-2.32,-2.02,-3.38,-4.29,-2.02,-2.07,-1.99,-1.91,-1.01,-0.93,-0.08,0.00,0.00,0.05,1.53,10.00,14.01,24.25,64.17,84.92,66.22,87.45,95.08,113.09,88.99,100.27,114.18,125.57,106.43,112.10,124.56,128.60,131.49,127.99,132.45,115.67,126.69,113.32,119.34,111.08
S134,129.03,127.28,116.08,111.53,121.75,114.02,112.85,109.99,113.00,109.28,106.29,103.38,113.00,109.28,106.29,103.38,103.36,100.07,101.00,99.58,98.90,97.27,98.19,99.17,100.00,100.57,102.72,106.34,111.14,117.33,116.82,117.11,124.01,121.00,117.95,111.61,128.69,114.30,112.34,104.23,121.97,106.62,89.96,60.04,82.67,54.52,32.22,4.15,18.22,1.48,0.00,-0.01,-0.02,-0.33,-1.10,-1.87,-3.65,-2.02,-2.17,-2.98,-3.02,-2.71,-3.07,-2.54,-1.77,-1.63,-1.33,-1.21,-1.02,-1.00,-0.05,-0.01,0.00,0.01,7.85,20.21,25.18,58.86,71.01,87.80,67.53,84.19,92.01,101.00,102.91,104.17,112.90,111.91,118.09,117.00,118.88,119.64,124.54,122.00,121.03,115.45,121.24,118.80,115.36,112.93
S135,119.71,116.96,112.03,110.99,120.96,116.90,115.30,110.22,116.05,111.30,111.07,108.61,116.05,111.30,111.07,108.61,107.31,109.00,107.18,109.19,107.84,113.32,115.14,118.03,115.22,118.91,121.19,123.50,125.23,131.60,132.50,133.67,136.17,134.45,132.02,125.00,139.68,130.92,121.17,111.40,122.91,110.85,89.22,78.71,90.05,79.47,78.80,70.01,85.00,74.26,71.20,53.84,56.90,56.19,47.95,34.99,30.73,20.06,9.87,8.32,6.86,8.25,8.89,7.61,5.72,4.62,10.00,18.82,8.21,16.45,47.32,68.10,60.43,79.42,82.16,87.22,85.09,91.76,112.88,127.99,120.10,133.01,137.08,150.00,133.10,146.12,155.06,169.11,161.19,161.05,163.14,157.10,167.11,163.15,159.44,147.10,153.65,144.99,144.01,137.54
S136,167.73,154.65,149.56,142.29,149.61,143.85,142.30,137.97,141.98,141.16,137.71,137.95,141.98,141.16,137.71,137.95,138.55,137.87,137.70,137.59,137.37,138.00,137.71,140.00,140.01,141.61,142.43,145.76,146.74,155.45,152.29,150.08,160.54,153.35,144.96,131.92,154.77,141.08,131.42,112.34,138.13,130.77,115.23,103.77,112.71,108.28,94.00,84.59,89.70,82.55,75.00,65.99,69.94,64.54,52.74,40.00,43.44,39.00,37.00,30.00,38.90,40.00,42.91,41.99,46.23,55.83,65.81,80.53,61.20,83.11,97.10,112.24,103.63,106.17,117.19,128.29,108.97,120.83,138.66,145.28,142.95,150.82,174.69,191.62,176.00,183.49,192.63,194.59,189.88,179.10,170.00,168.56,172.70,169.16,168.55,161.59,162.26,156.32,153.37,145.90
S137,160.31,153.81,146.24,141.63,145.41,145.00,144.98,140.41,143.42,140.71,140.00,140.30,143.42,140.71,140.00,140.30,141.15,141.88,140.80,138.86,142.48,144.68,137.61,137.08,141.40,138.60,139.82,135.63,146.42,141.11,131.60,126.21,131.69,126.93,122.13,116.38,142.16,123.95,105.75,89.55,107.07,91.35,67.51,29.51,40.00,18.09,5.18,1.08,1.00,0.29,0.02,0.00,0.00,0.00,-0.01,-0.02,-0.07,-0.80,-0.90,-1.01,-1.01,-1.01,-1.00,-0.88,-0.92,-0.53,-0.11,-0.45,-0.04,-0.04,0.01,24.76,14.58,66.85,94.19,123.16,97.43,113.36,130.99,139.63,130.04,140.92,144.10,148.94,148.14,151.26,153.35,154.53,156.38,154.63,157.95,156.54,160.01,155.31,155.28,148.95,151.35,145.20,145.00,140.78
S138,140.51,140.00,138.76,130.50,135.20,135.00,131.34,126.00,127.94,126.04,124.80,123.50,127.94,126.04,124.80,123.50,127.93,127.92,122.85,121.70,127.00,123.23,121.11,120.19,124.00,122.18,120.54,112.94,118.64,112.33,110.00,105.48,112.31,108.30,101.21,77.28,103.56,79.42,52.30,13.19,20.00,1.54,0.00,0.00,-0.01,-0.01,-0.05,-0.11,-1.01,-1.68,-2.33,-3.64,-5.00,-6.35,-8.00,-9.28,-9.50,-10.01,-11.51,-11.83,-10.40,-10.19,-9.99,-9.64,-8.72,-6.39,-4.99,-3.53,-2.02,-1.89,-2.01,-4.85,-1.61,-1.20,-0.01,33.34,25.33,99.54,116.25,132.61,111.51,133.75,136.97,145.00,137.21,140.89,141.37,144.12,140.10,144.94,145.93,146.98,149.70,145.00,144.94,140.08,144.97,137.90,138.47,135.93
S139,148.37,141.21,137.07,131.91,138.79,134.50,132.99,129.27,129.55,126.71,127.44,125.70,129.55,126.71,127.44,125.70,128.00,127.28,127.09,126.50,125.62,125.87,128.23,130.88,130.27,133.28,136.93,139.60,144.85,142.87,148.51,146.99,153.80,152.35,154.96,147.95,148.37,140.60,132.15,121.56,135.28,125.01,116.41,110.87,123.34,107.29,103.67,95.61,101.59,97.38,94.00,73.78,82.29,65.78,58.10,50.00,55.72,54.04,52.53,45.01,48.17,55.00,59.89,67.86,54.18,64.87,75.37,85.58,69.40,91.80,104.30,107.53,105.48,109.99,124.12,130.17,123.56,131.59,142.04,156.00,143.92,152.08,161.92,178.10,177.95,181.72,184.75,185.50,180.96,174.32,174.02,171.96,178.44,170.58,167.11,158.93,158.51,153.00,150.31,144.26
S140,158.34,154.50,154.43,146.80,150.45,145.00,142.90,139.44,141.39,138.28,138.73,137.75,141.39,138.28,138.73,137.75,136.50,137.63,135.94,136.40,136.50,138.93,141.98,146.05,142.19,148.59,151.16,159.19,165.87,171.16,166.34,163.40,173.09,167.00,164.39,159.04,167.28,163.43,153.01,140.01,150.00,139.62,130.36,120.43,130.15,115.44,102.00,98.08,105.23,101.00,97.04,81.74,89.39,75.14,68.17,64.68,67.27,67.24,60.90,58.98,61.06,60.24,63.12,67.25,60.77,66.93,76.82,87.78,80.34,89.58,105.29,113.38,101.00,108.54,123.63,139.56,128.64,142.01,147.58,164.02,147.92,163.77,183.98,207.88,197.96,199.64,208.25,218.05,221.06,196.12,197.13,192.29,199.99,190.00,187.90,175.63,179.14,171.94,169.62,164.96
S141,173.58,169.04,163.51,158.00,162.03,158.00,158.97,157.80,157.62,154.67,150.92,148.42,157.62,154.67,150.92,148.42,152.09,147.56,148.08,148.18,148.90,150.40,154.25,155.20,156.76,159.44,160.30,163.28,175.00,175.68,176.35,174.77,180.58,177.84,171.47,161.15,169.65,166.12,159.55,138.73,152.98,138.29,133.08,124.22,140.04,122.66,110.32,100.21,113.34,109.25,105.98,100.36,100.35,93.84,93.02,91.55,92.38,91.74,83.79,81.99,91.77,94.01,97.05,103.01,105.43,108.71,109.36,114.91,105.78,112.67,127.74,132.36,124.50,135.40,143.19,156.65,146.38,176.08,181.59,206.74,184.35,217.92,257.87,304.27,284.85,304.44,329.15,328.30,339.65,277.83,229.17,203.75,228.77,203.75,205.00,189.84,196.03,180.60,175.10,169.52
S142,145.59,142.60,135.63,130.97,135.00,132.23,130.06,125.68,127.55,122.31,120.85,116.89,127.55,122.31,120.85,116.89,121.07,120.09,118.93,115.50,119.53,116.11,113.85,111.61,113.18,110.10,108.94,105.45,109.53,103.79,101.23,92.84,100.73,92.07,88.25,72.79,74.18,57.66,30.29,10.50,10.51,4.43,1.45,0.27,0.06,0.00,0.00,0.00,-0.01,-0.02,-0.04,-0.11,-0.44,-0.73,-0.80,-1.00,-1.19,-2.36,-3.09,-4.07,-4.62,-5.00,-5.00,-5.37,-5.69,-5.29,-4.83,-4.01,-2.31,-2.84,-3.40,-1.20,-1.20,-0.97,-0.01,0.60,0.68,29.42,62.58,98.69,87.80,109.62,131.67,139.55,128.50,140.10,150.91,156.98,152.54,150.38,149.65,146.15,159.18,150.91,148.20,140.34,151.71,137.02,135.65,128.43
S143,153.81,150.03,146.26,145.01,151.84,150.56,149.25,146.43,146.63,144.03,142.98,139.92,146.63,144.03,142.98,139.92,140.27,138.09,138.18,138.93,135.03,137.30,140.95,143.73,140.34,143.19,146.91,149.21,155.00,159.33,159.79,156.48,167.00,159.35,155.01,136.35,164.78,149.00,142.16,125.57,153.01,120.16,107.37,79.27,103.18,86.15,79.37,66.06,66.11,59.09,36.89,12.46,16.31,5.46,3.85,2.59,2.52,1.44,0.08,0.00,0.04,0.09,0.10,3.78,3.30,6.49,11.51,33.38,30.47,64.00,71.46,83.00,77.06,94.26,112.00,126.94,113.81,130.62,142.99,154.04,140.91,150.92,158.07,164.54,166.51,172.00,174.59,174.90,177.29,177.19,174.60,169.17,175.90,168.57,170.06,158.74,165.16,156.09,153.42,146.08
S144,153.40,147.31,139.23,131.08,142.47,137.83,136.34,132.74,135.04,133.28,133.78,132.54,135.04,133.28,133.78,132.54,132.42,134.73,132.35,132.36,133.00,133.54,137.38,141.04,132.23,138.07,147.78,154.10,148.92,162.15,161.64,164.01,172.95,173.72,163.82,161.00,174.01,162.80,159.96,143.04,162.67,144.64,119.00,111.00,117.29,107.38,99.74,83.51,96.47,84.74,77.53,59.42,60.42,35.99,20.66,7.30,11.37,4.84,1.00,0.00,0.00,0.00,0.00,0.00,0.00,0.00,0.03,0.09,0.00,3.11,24.79,60.09,52.99,94.82,113.51,125.50,111.39,139.21,154.96,165.00,152.77,164.67,168.27,178.69,172.79,184.29,185.48,197.50,192.84,191.79,189.70,185.67,195.92,188.96,184.29,177.00,181.68,170.66,166.94,162.40
S145,178.01,169.91,152.34,143.75,154.96,149.56,145.28,143.43,147.09,141.52,138.91,137.80,147.09,141.52,138.91,137.80,136.50,136.25,135.16,135.57,133.25,135.87,141.35,149.27,140.53,143.75,154.19,160.50,165.45,174.29,170.33,160.15,177.04,167.39,156.72,147.95,165.67,152.28,143.43,115.26,160.11,115.62,94.80,65.56,85.32,41.74,15.06,4.95,7.61,4.45,1.66,0.00,0.00,-0.01,-0.01,-0.03,-0.01,-0.05,-0.10,-0.19,-0.09,-0.03,0.00,0.00,0.00,0.91,2.66,10.04,4.26,15.48,61.68,97.54,60.03,101.86,120.25,148.37,125.01,156.96,167.25,178.67,174.90,187.15,202.71,230.67,200.87,208.01,219.85,238.29,219.99,213.91,205.71,200.10,210.79,197.06,187.55,180.43,188.33,173.99,165.95,160.78
S146,170.39,158.08,154.26,144.30,155.48,150.50,146.95,140.87,140.90,138.32,135.71,133.90,140.90,138.32,135.71,133.90,135.01,135.15,135.03,134.82,134.22,138.11,141.35,147.63,137.93,142.48,151.30,162.33,160.56,171.28,171.75,170.70,172.87,170.70,158.97,141.84,166.90,151.19,143.42,123.18,153.33,124.78,109.69,100.64,109.94,101.60,79.51,50.10,62.23,32.80,12.68,8.43,5.02,0.00,-0.01,-0.06,-0.01,-0.01,-0.05,-0.10,-0.04,-0.04,-0.01,0.00,0.00,0.74,6.01,22.75,24.99,73.59,97.26,109.56,100.30,115.38,134.72,150.97,127.72,148.84,170.20,202.50,172.69,204.82,247.71,352.36,251.36,265.97,275.90,261.36,254.43,225.09,217.30,202.00,206.99,198.30,190.39,176.02,179.05,173.72,170.38,146.10
S147,146.32,141.85,136.95,134.05,137.95,134.42,135.44,132.63,133.59,131.84,131.40,130.93,133.59,131.84,131.40,130.93,129.25,128.84,129.50,131.56,128.70,131.24,133.60,137.41,139.13,141.73,144.67,151.67,164.90,171.38,173.41,167.21,173.56,166.94,161.83,155.63,167.27,156.95,150.23,125.55,163.11,134.68,124.22,118.48,127.99,117.09,109.30,88.76,90.05,74.45,62.48,51.73,42.44,25.10,21.36,15.22,23.27,20.10,11.28,10.90,10.09,13.36,26.04,40.73,41.35,58.80,68.01,75.09,88.22,96.18,106.57,120.26,117.10,123.80,145.59,172.71,155.17,162.78,170.70,187.46,177.61,189.78,208.69,246.99,207.26,201.41,194.50,199.53,196.48,188.91,184.83,173.01,184.05,175.64,173.01,165.02,166.58,160.00,155.70,146.27
S148,168.81,152.23,151.15,143.81,151.26,144.52,143.87,139.22,140.80,140.25,139.17,135.76,140.80,140.25,139.17,135.76,134.42,136.01,138.33,139.66,139.17,139.73,142.47,151.29,151.75,152.65,156.00,167.41,166.64,174.41,170.78,171.90,178.09,172.31,171.95,154.78,177.98,168.10,157.05,142.83,174.24,156.60,134.08,121.23,143.50,122.39,117.57,114.58,113.90,106.83,98.05,96.17,94.99,85.70,85.01,83.55,81.95,80.59,72.34,70.98,81.65,84.32,85.01,85.27,96.37,101.61,117.07,122.78,119.50,123.46,124.08,142.71,137.21,149.41,165.90,167.33,155.95,156.40,176.28,213.56,170.39,201.19,236.85,303.57,240.01,248.74,241.06,230.21,239.71,214.07,203.55,190.85,198.68,181.42,184.89,175.52,170.88,166.50,163.10,151.78
S149,162.65,156.50,151.55,150.07,152.76,148.53,148.29,147.81,152.68,147.52,146.10,145.90,152.68,147.52,146.10,145.90,147.72,147.40,142.75,139.15,139.61,138.16,140.61,139.00,135.80,140.47,146.29,154.45,154.81,156.68,160.23,157.00,166.09,162.24,154.41,136.00,162.64,147.91,131.74,116.90,145.09,120.15,104.50,78.41,100.00,85.71,54.60,17.49,24.88,8.35,0.10,0.00,0.00,-0.01,-0.04,-0.10,-0.17,-0.34,-0.91,-0.75,-0.19,-0.14,-0.13,-0.10,-0.06,-0.01,0.00,0.00,0.00,0.07,2.25,24.99,15.65,60.05,87.47,126.17,94.66,126.61,152.98,166.07,155.06,158.78,172.39,209.36,177.77,186.45,190.63,195.00,193.32,199.52,217.11,205.00,225.86,187.90,178.54,170.95,175.43,167.09,164.92,156.98
S150,171.83,162.64,160.00,155.58,166.55,160.00,151.66,142.60,158.43,150.54,140.25,137.57,158.43,150.54,140.25,137.57,144.69,137.55,136.15,132.93,133.62,133.75,134.05,134.82,132.59,133.09,136.23,141.10,149.96,160.25,160.90,153.08,161.04,152.72,152.05,131.51,170.27,145.00,130.85,110.77,135.38,109.16,89.63,48.11,66.54,27.88,5.52,0.40,0.70,0.00,-0.01,-0.11,-0.01,-0.08,-0.09,-0.16,-1.01,-1.11,-1.47,-1.84,-1.49,-1.57,-1.09,-1.01,-1.00,-0.19,-0.11,-0.04,-0.04,-0.01,0.00,0.08,2.49,24.40,50.00,76.81,74.76,96.82,127.00,159.34,129.83,137.63,150.54,154.71,152.09,159.99,166.47,172.22,167.00,168.30,168.25,165.01,172.05,170.85,171.35,163.57,165.21,158.55,157.53,152.50
S151,152.93,148.16,144.02,135.18,142.00,138.02,138.61,135.99,137.76,130.76,127.59,128.37,137.76,130.76,127.59,128.37,128.84,128.62,128.83,129.98,127.31,129.76,133.39,135.84,129.25,136.82,149.04,150.22,150.57,154.25,159.33,160.52,168.32,163.09,153.18,135.30,165.72,151.27,144.03,121.29,150.42,130.12,114.18,109.75,109.69,103.26,100.00,95.70,85.37,75.07,61.68,43.93,39.99,27.61,24.91,20.09,22.46,12.18,9.75,7.68,10.04,15.25,20.18,29.44,24.26,33.85,50.49,68.76,66.76,83.20,91.69,107.71,104.25,111.54,123.95,134.93,125.82,142.24,147.90,162.88,150.64,170.99,175.18,193.60,181.00,194.38,203.06,202.05,211.20,197.84,188.78,180.78,189.17,177.42,175.05,170.71,172.02,167.05,164.05,161.26
S152,163.38,157.14,155.24,147.20,155.20,150.66,147.14,143.00,148.61,145.34,144.62,142.38,148.61,145.34,144.62,142.38,146.92,146.23,146.11,144.42,141.96,144.47,144.76,144.27,139.91,141.33,147.81,153.73,155.08,148.32,143.93,137.72,155.00,142.87,134.90,118.02,145.88,124.56,106.70,82.99,107.54,87.67,44.94,10.03,12.32,3.21,0.00,-0.09,-1.14,-1.21,-1.71,-2.01,-3.83,-5.01,-6.81,-8.30,-8.77,-10.06,-12.29,-12.87,-18.49,-12.99,-10.00,-7.13,-6.97,-8.85,-5.48,-6.75,-1.44,-0.54,-0.28,0.01,1.93,34.80,106.04,129.89,106.31,133.37,157.00,163.32,148.76,160.26,170.72,191.72,185.76,186.37,183.16,183.34,186.66,187.16,178.53,165.64,185.18,170.48,167.90,159.84,161.96,155.90,155.25,144.57
S153,147.37,145.77,138.77,124.88,142.14,138.91,144.85,138.05,143.80,135.94,133.72,131.33,143.80,135.94,133.72,131.33,129.89,129.58,128.38,127.08,126.65,127.87,130.43,134.74,128.40,134.53,143.45,153.78,154.98,157.00,157.82,157.37,166.72,161.50,155.58,147.64,163.26,152.18,141.17,118.54,141.80,116.85,104.57,80.08,97.18,73.27,38.65,22.29,25.41,9.87,2.66,0.19,0.08,0.00,0.00,-0.01,-0.01,-0.08,-0.15,-0.17,-0.18,-0.16,-0.01,-0.01,0.00,0.07,2.47,10.01,7.93,22.39,60.43,87.18,77.75,103.57,119.29,138.89,118.57,143.69,156.74,166.99,157.94,168.74,181.52,204.96,194.69,200.09,201.18,199.95,203.65,192.27,188.11,173.33,180.34,172.95,171.78,166.61,163.01,153.52,152.08,147.79
S154,164.47,156.56,152.26,143.12,153.00,148.01,147.29,142.07,143.58,143.17,144.38,142.56,143.58,143.17,144.38,142.56,140.87,141.82,143.76,144.44,140.99,143.06,146.55,149.08,149.15,154.50,159.68,166.26,170.61,174.09,177.24,174.99,182.47,174.91,169.99,157.02,172.99,162.70,153.31,138.20,158.82,143.73,124.51,115.54,134.95,122.58,101.19,79.66,99.52,68.04,39.29,0.06,10.06,1.16,0.00,0.00,0.00,0.00,0.00,0.00,-0.01,0.00,0.00,10.09,10.06,35.47,57.62,74.61,78.40,112.09,123.55,131.87,125.07,135.90,160.03,179.03,165.00,188.00,209.06,253.93,229.16,262.69,327.17,487.38,414.96,371.94,300.14,268.41,353.92,268.97,240.00,217.15,233.38,215.51,212.01,193.03,190.84,179.71,172.93,161.21
S155,188.25,175.26,168.80,164.94,180.07,172.20,164.94,157.14,163.00,172.43,167.97,157.92,163.00,172.43,167.97,157.92,160.34,157.45,156.85,155.50,158.41,155.77,156.45,156.97,151.91,154.76,160.00,161.11,161.20,160.00,153.58,151.62,160.00,154.60,147.33,139.55,170.45,154.50,137.97,120.41,148.00,126.04,115.38,108.04,115.16,107.57,83.87,81.00,74.90,58.79,59.32,51.91,56.02,55.22,39.99,22.89,31.04,23.05,25.02,30.24,25.29,29.99,39.90,51.05,48.30,63.63,77.98,80.90,89.90,110.40,117.97,146.27,118.12,133.05,155.13,175.00,155.00,161.42,175.09,186.24,172.20,181.60,194.17,203.91,188.00,197.99,202.80,211.28,212.40,208.21,202.99,199.10,215.04,210.95,202.80,197.35,203.55,194.00,188.27,184.77
S156,192.00,179.12,174.36,160.92,163.46,157.81,156.13,153.00,156.88,151.89,150.39,146.49,156.88,151.89,150.39,146.49,147.52,147.94,146.48,147.26,148.07,148.82,150.00,149.09,155.03,155.34,161.45,174.84,173.09,184.71,188.92,192.23,197.00,192.85,191.72,188.95,202.00,194.13,186.99,180.34,200.00,179.92,155.00,143.78,163.00,154.90,146.43,146.34,145.69,146.02,142.13,138.00,143.44,135.42,134.60,130.87,133.20,129.43,126.39,123.80,128.08,129.28,126.80,126.93,125.48,129.36,132.95,136.24,130.00,135.00,140.56,147.71,138.08,146.02,156.97,173.50,164.67,180.00,192.00,198.27,187.42,205.02,215.99,221.78,199.57,208.87,212.60,216.74,212.86,211.10,203.54,196.99,206.89,201.18,198.00,190.32,196.00,190.10,185.00,175.09
S157,185.00,178.23,168.62,159.00,166.11,162.91,162.11,158.27,158.91,154.99,151.50,149.53,158.91,154.99,151.50,149.53,149.15,146.95,148.89,146.97,145.90,146.91,149.56,151.60,148.71,154.65,162.13,172.71,171.64,183.99,188.22,187.35,195.14,188.66,185.68,176.25,188.96,177.63,165.00,155.40,170.00,165.11,147.12,135.79,154.89,137.18,133.00,117.89,132.96,112.60,103.04,89.22,99.77,83.69,78.09,72.97,73.47,68.25,60.42,52.69,66.88,65.18,72.77,72.93,78.70,85.36,97.36,103.41,73.87,99.00,119.24,131.91,128.09,135.63,151.07,162.01,140.81,156.73,177.35,182.09,180.59,189.29,196.20,202.81,198.85,199.99,201.56,202.00,200.64,197.67,195.01,189.15,193.65,190.00,187.99,180.07,180.09,176.00,170.93,165.04
S158,183.05,175.00,166.45,156.90,165.55,162.28,159.74,154.39,154.94,152.71,151.00,151.30,154.94,152.71,151.00,151.30,152.65,151.11,151.53,150.61,150.88,151.49,152.57,157.90,152.10,157.08,169.32,185.00,181.71,189.94,189.93,195.26,193.58,194.66,195.32,192.00,211.88,204.71,188.20,165.55,193.04,175.59,158.24,144.45,166.00,154.69,142.59,132.72,139.80,142.14,137.00,136.59,134.38,134.62,134.77,137.07,140.65,138.01,142.81,140.51,134.35,142.05,144.34,143.95,144.78,145.00,144.12,165.09,148.60,157.97,167.88,191.51,160.60,180.84,196.00,207.39,193.49,199.99,196.37,198.11,205.00,204.34,199.99,208.33,206.99,199.56,200.76,208.31,205.32,204.01,195.96,189.57,192.71,188.27,189.26,179.19,182.37,175.80,171.92,163.91
S159,155.82,154.66,151.45,147.43,152.74,145.42,144.74,144.40,144.01,141.92,142.19,141.54,144.01,141.92,142.19,141.54,139.87,139.80,139.86,140.49,139.94,141.00,141.55,143.99,144.99,145.66,150.60,157.07,164.70,170.99,173.37,176.60,184.84,185.05,181.76,170.99,187.63,173.97,166.16,157.86,165.47,152.68,135.91,127.69,140.49,122.67,113.00,93.68,108.40,92.72,72.98,58.48,79.08,62.60,67.03,59.92,69.99,62.38,58.53,57.93,56.63,60.02,73.79,83.41,67.26,78.57,92.24,101.92,91.07,111.50,118.01,137.03,118.68,138.70,159.85,170.98,154.99,172.00,186.91,201.23,193.07,205.65,219.86,218.65,200.32,212.58,211.73,195.94,192.10,186.95,178.93,171.99,175.87,172.57,176.25,164.38,167.84,161.33,161.29,148.18
S160,180.19,165.74,157.29,152.89,161.06,156.44,156.64,154.09,152.29,151.95,151.23,151.10,152.29,151.95,151.23,151.10,149.78,148.95,150.01,149.66,149.86,150.39,151.95,154.83,150.58,156.97,163.26,171.05,173.79,185.50,190.07,191.16,199.35,198.92,194.48,189.40,212.12,204.49,186.55,170.92,191.26,173.42,157.54,144.27,165.21,135.93,128.23,120.55,132.06,125.10,119.80,105.68,112.77,94.25,97.47,89.93,101.01,91.06,85.01,81.08,90.48,90.76,91.87,94.77,93.62,100.66,104.30,111.63,108.35,117.55,122.93,141.20,125.31,149.70,173.00,179.87,160.51,173.58,191.78,216.63,193.34,206.64,218.91,226.09,218.80,206.45,195.66,186.20,188.82,180.72,177.31,167.92,172.29,165.95,164.16,151.95,161.94,152.79,150.00,139.72
S161,141.01,141.92,139.00,136.16,141.81,138.66,138.02,138.66,137.18,138.68,140.51,136.60,137.18,138.68,140.51,136.60,140.89,139.62,138.26,136.43,137.11,139.44,139.96,139.85,137.37,141.30,148.48,159.92,164.48,172.23,174.29,173.03,179.81,180.26,177.41,174.44,187.40,172.74,162.59,155.15,161.87,161.77,151.21,145.76,155.00,142.59,130.66,122.31,129.06,122.65,117.81,116.81,112.08,108.98,112.94,109.56,98.45,93.85,100.58,92.07,102.01,100.00,106.26,107.73,109.55,112.23,116.41,119.29,111.35,118.32,122.23,126.34,116.99,135.97,156.76,163.09,144.39,160.89,167.30,169.34,154.89,165.82,175.50,193.95,174.88,177.73,180.83,173.64,176.30,168.12,166.01,154.01,171.44,162.30,161.40,150.64,157.08,150.80,141.55,131.10
S162,141.58,135.40,127.97,117.12,117.50,114.51,110.37,107.04,107.51,101.93,100.07,91.68,107.51,101.93,100.07,91.68,97.47,91.82,91.19,92.52,96.99,93.91,91.60,89.52,99.26,95.12,95.23,96.71,97.20,97.47,97.19,96.68,107.20,103.88,100.79,93.09,106.11,83.69,41.79,10.09,18.40,0.06,-0.01,-0.15,-0.01,-0.10,-0.51,-0.75,-1.10,-1.35,-1.39,-1.58,-1.57,-1.78,-1.88,-2.02,-1.91,-1.89,-1.69,-1.56,-1.53,-1.29,-1.00,-0.88,-0.08,-0.01,0.00,0.00,0.00,1.66,30.88,65.78,51.44,100.78,131.42,168.33,146.48,152.72,185.46,201.35,183.90,191.92,205.57,214.47,217.50,198.94,181.76,180.92,205.71,179.29,166.74,158.33,181.90,162.32,158.10,151.65,150.77,146.47,145.54,139.68
S163,189.59,177.14,165.59,150.54,166.28,163.47,161.85,157.08,159.21,151.86,150.78,150.25,159.21,151.86,150.78,150.25,148.22,149.20,149.27,147.73,149.39,149.40,148.29,149.84,153.93,161.71,166.45,180.18,183.91,192.12,196.96,204.95,209.43,208.63,205.46,201.03,216.25,205.93,194.87,174.99,192.02,176.87,164.87,142.62,148.96,138.36,134.90,122.28,126.15,118.10,111.85,104.11,107.42,104.82,102.30,102.77,97.46,91.75,90.85,86.61,97.59,97.00,98.61,103.25,101.81,109.48,115.71,114.58,116.27,127.12,139.95,154.41,142.03,161.22,179.59,190.91,175.30,193.75,202.58,216.13,220.70,235.18,248.22,251.31,251.02,237.20,240.61,243.96,232.27,215.08,210.74,197.39,200.09,194.28,198.39,187.00,177.97,167.14,163.31,152.43
S164,147.64,138.83,131.96,124.53,132.68,125.01,123.28,118.36,119.56,117.12,118.05,115.78,119.56,117.12,118.05,115.78,118.86,118.51,116.34,118.18,115.09,115.40,115.57,116.03,119.95,122.88,121.01,128.89,137.42,156.00,158.85,158.05,173.20,166.48,165.15,160.43,166.07,163.93,156.48,147.00,147.70,131.60,98.60,39.04,102.11,82.64,40.71,5.92,34.99,8.77,0.04,0.00,0.00,0.00,0.00,-0.01,-0.02,-0.04,-0.07,-0.09,-0.13,-0.14,-0.15,-0.14,-0.15,-0.12,-0.07,-0.07,-0.05,-0.01,0.00,0.00,0.00,4.51,50.00,93.14,73.16,106.16,124.28,127.82,131.86,134.37,135.27,138.89,136.29,135.83,136.32,136.39,136.04,130.85,126.25,120.51,122.86,119.12,112.15,102.64,102.65,94.78,89.03,78.95
S165,137.91,134.93,128.97,111.09,129.99,121.01,124.70,129.67,136.79,137.11,135.83,132.01,136.79,137.11,135.83,132.01,136.89,135.24,134.78,134.99,138.84,140.00,142.26,145.00,140.00,140.97,145.39,143.77,142.19,144.27,144.73,141.77,144.18,138.41,129.90,119.91,137.76,123.48,97.95,79.12,77.82,53.40,10.29,5.74,1.74,0.28,0.01,0.00,0.00,0.00,-0.01,-0.13,-0.49,-1.19,-1.30,-1.48,-1.63,-1.81,-1.74,-1.35,-1.46,-1.00,-0.10,-0.06,-0.02,-0.01,0.00,0.01,0.01,1.94,20.00,57.83,57.23,92.40,150.74,192.31,154.52,181.83,205.87,234.20,199.96,221.99,225.53,240.47,224.99,228.57,235.06,222.00,230.95,207.44,200.00,186.23,203.97,191.26,185.80,176.51,182.34,171.84,170.43,153.72
S166,205.99,176.28,167.94,164.51,175.18,168.04,166.24,160.31,157.19,154.88,155.48,155.34,157.19,154.88,155.48,155.34,151.30,153.05,152.59,152.77,151.47,152.27,153.16,151.00,154.02,158.86,168.81,187.82,186.85,202.80,210.00,212.51,244.43,228.33,216.47,212.47,230.01,215.61,199.98,157.34,199.88,167.36,138.54,105.14,149.48,129.98,99.48,50.00,95.44,67.56,44.59,21.36,30.00,23.19,10.06,3.95,7.82,0.09,0.02,0.01,0.01,0.01,0.03,6.53,14.97,32.28,66.02,81.26,15.43,50.00,109.27,139.80,110.20,144.49,171.67,210.11,157.42,199.94,209.00,235.96,213.00,229.32,254.26,266.45,271.63,266.83,255.57,235.31,245.31,221.84,211.61,197.00,206.91,197.09,194.25,185.77,191.00,180.44,177.02,161.33
S167,172.77,160.00,154.33,153.62,154.46,159.26,158.09,157.58,157.27,156.21,162.08,162.37,157.27,156.21,162.08,162.37,162.09,163.29,160.84,163.30,163.29,165.99,171.36,177.96,170.24,177.14,187.35,200.93,192.14,206.18,218.27,226.77,226.79,234.00,236.99,229.94,248.93,227.50,216.08,195.67,215.99,195.01,173.82,155.09,174.91,151.10,137.25,122.20,131.54,117.81,99.16,73.77,90.00,75.98,74.57,66.02,69.38,62.38,63.46,69.34,77.66,89.36,96.26,103.76,101.36,112.92,123.88,132.54,111.19,143.20,162.02,181.78,154.76,184.41,196.80,215.62,204.41,238.38,255.20,302.01,354.24,401.56,502.54,585.10,578.76,471.93,366.57,300.06,271.39,268.06,241.43,238.01,239.70,226.41,222.95,211.30,218.15,210.54,197.59,171.33
S168,212.04,206.52,203.68,198.88,205.88,199.05,197.21,194.00,197.97,198.57,195.00,194.00,197.97,198.57,195.00,194.00,190.18,189.82,188.60,188.60,184.50,182.43,185.00,185.00,184.50,185.20,186.37,190.73,190.15,192.74,196.80,193.07,199.88,196.70,191.12,186.80,200.75,188.62,161.01,144.94,182.81,150.39,131.71,108.19,122.71,105.77,85.00,43.36,65.89,42.80,16.84,5.86,4.04,0.00,-0.01,-0.02,-0.01,-0.05,-0.05,-0.09,-0.48,-0.19,-0.13,-0.17,-0.01,0.00,0.00,2.91,0.01,7.17,43.29,87.29,83.40,114.22,126.78,150.40,145.35,180.12,191.46,194.83,194.44,204.81,204.46,210.24,210.99,211.17,210.92,207.69,210.75,204.94,201.06,191.74,199.35,191.77,189.05,183.73,191.46,186.02,182.21,179.55
S169,218.18,205.79,196.00,186.85,192.10,187.50,189.38,182.59,185.42,185.05,183.47,182.75,185.42,185.05,183.47,182.75,183.46,184.16,183.80,184.05,180.24,181.20,183.46,190.12,184.46,194.47,208.57,221.00,217.24,250.88,273.40,277.25,300.10,321.56,323.39,322.58,348.30,300.05,281.75,268.30,280.22,266.70,240.05,216.56,242.08,219.99,201.59,183.66,212.14,193.79,196.80,184.47,195.54,181.43,176.87,168.87,175.15,168.46,165.82,155.59,159.82,161.77,158.11,166.00,152.91,155.59,169.10,182.00,152.00,170.08,190.00,210.51,179.23,214.00,253.13,288.31,259.12,306.36,450.00,584.88,649.11,700.07,700.04,740.01,704.41,585.23,447.30,367.47,373.30,309.41,270.06,248.81,267.01,252.15,242.77,225.08,241.70,227.75,221.53,207.57
S170,219.74,217.76,205.88,192.17,211.24,198.43,194.29,188.10,189.90,187.25,188.45,187.81,189.90,187.25,188.45,187.81,185.30,185.99,187.33,184.00,184.06,184.30,184.53,181.31,184.37,187.00,199.59,216.07,222.91,238.00,239.38,249.41,281.57,270.61,252.91,243.22,268.06,241.51,225.01,197.87,227.50,212.60,189.05,156.43,181.16,162.59,128.03,112.06,122.33,88.74,69.00,35.41,60.68,43.42,36.38,37.39,31.87,30.18,29.56,26.39,32.36,42.31,50.08,60.05,61.65,89.83,121.19,142.10,104.05,140.36,169.79,209.89,165.79,210.15,230.20,247.72,217.83,235.00,258.69,294.52,293.68,312.40,307.35,300.03,279.77,251.20,245.93,238.70,231.30,226.54,223.45,208.00,212.98,201.34,198.01,185.52,193.54,186.60,179.67,171.04
S171,181.74,178.97,174.59,170.88,173.18,170.80,170.88,170.01,167.58,167.45,170.04,169.73,167.58,167.45,170.04,169.73,169.85,168.75,167.24,168.73,170.19,167.33,169.26,171.92,168.04,178.58,187.88,225.99,199.41,218.75,233.61,243.30,246.27,240.21,235.01,230.79,247.01,237.79,223.17,192.00,219.85,200.32,176.41,169.81,186.38,174.60,168.84,161.80,154.39,149.03,136.63,128.76,130.89,113.00,109.59,100.58,104.70,98.37,96.56,90.40,99.39,101.24,103.54,105.60,107.24,117.19,130.81,132.92,131.37,143.56,165.94,193.23,182.98,204.21,209.42,222.95,204.25,221.72,234.98,263.37,237.97,248.00,262.56,269.18,264.58,248.79,239.85,234.43,236.92,229.49,215.47,199.18,213.99,201.40,196.77,191.00,198.34,189.98,184.25,168.21
S172,199.33,186.44,176.97,171.32,175.44,170.27,166.60,163.99,166.77,164.87,164.94,165.37,166.77,164.87,164.94,165.37,165.29,166.03,165.30,165.63,164.56,165.29,167.42,165.30,158.03,159.86,166.75,175.40,172.47,194.74,209.20,219.99,230.20,221.02,210.96,203.59,215.92,204.59,195.46,177.83,200.00,178.90,150.24,124.42,145.92,125.69,99.30,74.45,69.57,43.17,19.12,7.20,17.53,10.10,7.62,7.43,5.00,2.12,0.42,0.10,3.97,6.04,13.69,25.20,10.00,23.24,42.54,49.01,27.41,51.65,101.03,117.35,97.67,135.50,163.74,208.99,181.97,197.33,205.66,208.99,210.17,211.58,213.42,232.70,216.09,215.16,216.64,214.98,219.05,210.72,204.19,188.96,199.00,191.64,194.99,187.88,186.23,184.76,179.29,167.18
S173,18.20,16.37,14.99,13.61,14.85,13.05,12.49,11.04,8.57,11.25,12.20,8.00,8.57,11.25,12.20,8.00,8.19,7.92,8.05,7.09,9.69,8.95,8.75,8.60,10.12,9.62,9.47,10.81,8.13,8.96,10.37,12.55,11.51,12.74,13.34,11.49,13.40,12.51,8.34,5.12,8.15,5.06,1.40,0.01,0.01,0.00,-0.01,-0.04,-0.04,-0.10,-0.12,-0.17,-1.00,-1.00,-1.05,-1.59,-1.92,-1.97,-2.02,-2.02,-1.94,-1.95,-1.94,-1.91,-1.56,-1.39,-1.01,-1.00,-0.18,-0.10,-0.08,-0.01,-0.03,0.00,0.01,10.72,15.13,35.62,58.37,92.51,61.64,79.14,86.21,102.24,86.69,88.42,82.02,89.48,90.08,79.26,67.90,65.36,76.20,80.07,67.31,61.68,63.74,60.09,57.78,51.76
S174,50.68,50.29,45.28,40.81,45.61,41.88,42.85,40.01,41.33,37.85,38.38,39.82,41.33,37.85,38.38,39.82,40.85,41.02,39.90,37.99,37.53,39.24,43.76,47.20,43.27,54.93,60.38,76.69,91.43,124.61,130.50,148.88,160.88,187.01,194.48,170.08,257.09,195.49,154.11,108.01,121.74,103.29,63.51,43.74,62.15,33.39,28.43,11.39,19.82,13.13,2.66,0.03,0.76,0.01,0.02,0.01,0.00,0.00,0.00,0.00,0.00,0.00,0.01,0.03,0.00,0.03,0.10,5.47,0.08,20.95,33.95,59.32,22.71,67.08,135.63,203.34,166.62,198.79,222.59,261.72,220.80,223.97,251.23,275.90,251.30,250.28,243.48,219.04,232.28,218.15,213.93,206.68,216.00,204.58,206.08,196.23,197.98,184.14,186.58,172.11
S175,189.97,183.05,176.66,175.81,177.29,174.96,176.55,175.61,175.89,174.39,172.41,171.52,175.89,174.39,172.41,171.52,173.57,170.91,170.42,171.42,172.65,172.33,174.19,180.34,167.70,180.53,193.44,224.33,198.34,225.83,253.32,277.03,289.86,302.05,293.40,276.47,282.29,268.06,240.76,204.98,247.86,217.86,191.48,166.18,186.02,173.99,167.25,161.83,162.63,151.03,144.70,135.85,128.76,130.54,125.51,118.22,119.31,117.72,114.92,112.14,115.15,119.39,119.08,122.93,124.89,130.22,139.62,151.71,147.30,161.28,185.78,213.13,164.68,211.86,241.96,289.06,253.00,317.94,417.93,510.34,564.09,647.50,640.67,533.26,543.39,442.38,389.22,357.66,315.72,292.80,291.88,256.14,258.79,252.99,249.35,225.58,226.09,214.54,210.21,201.18
S176,124.78,136.68,130.60,129.40,121.01,118.29,119.70,116.49,117.38,114.96,114.36,111.35,117.38,114.96,114.36,111.35,109.27,107.97,106.50,104.39,106.36,106.43,105.65,110.85,118.13,118.67,121.55,128.45,123.98,142.78,156.71,167.77,161.37,167.17,172.69,170.83,185.99,175.90,172.60,160.57,172.79,162.39,144.42,130.04,136.40,122.77,106.24,81.51,98.66,78.86,60.02,36.10,25.01,15.11,13.88,10.00,14.00,10.03,12.32,10.05,8.86,10.90,24.00,34.99,38.66,61.86,95.00,108.00,76.90,108.86,132.15,152.80,141.60,170.89,193.19,214.43,186.47,218.93,236.02,262.74,249.33,263.79,267.94,288.23,272.65,265.80,253.50,248.05,240.29,230.00,223.38,209.62,220.96,204.52,201.00,192.99,196.93,188.32,185.64,181.14
S177,196.99,184.40,175.79,170.59,175.13,171.84,171.43,170.27,167.76,166.49,165.93,162.38,167.76,166.49,165.93,162.38,164.46,165.55,169.18,169.27,172.29,170.87,169.82,165.87,168.41,169.79,192.29,221.15,204.38,236.08,236.44,264.16,252.93,266.66,273.61,252.41,290.87,260.69,243.40,203.99,235.46,202.74,189.27,157.50,182.50,165.00,148.66,137.99,137.82,123.02,100.36,72.42,85.78,62.83,49.38,42.75,39.01,36.12,26.14,19.17,23.12,35.00,39.94,61.49,40.00,73.58,107.83,126.76,119.91,142.44,165.00,190.71,157.71,192.80,206.21,239.26,202.24,230.00,248.72,284.74,291.76,305.47,315.78,300.70,270.00,255.00,246.96,236.70,244.18,231.25,218.38,202.89,219.99,208.59,202.11,194.72,199.81,193.53,182.41,171.29
S178,205.94,199.14,194.54,185.56,187.85,184.40,182.86,181.02,181.33,179.17,173.17,166.70,181.33,179.17,173.17,166.70,165.93,163.25,162.56,162.47,159.61,160.35,161.30,161.76,159.09,158.03,160.44,164.62,167.70,176.77,181.60,188.88,192.05,194.29,194.14,196.76,210.93,203.00,187.34,166.40,193.17,165.98,139.03,127.59,132.41,120.56,104.99,90.00,78.49,59.07,46.32,28.53,17.33,12.51,9.47,4.71,4.64,3.73,2.43,2.42,9.02,12.51,23.30,28.97,23.00,40.00,59.82,83.28,91.58,122.80,135.09,160.10,154.56,194.80,215.13,203.04,196.00,206.37,220.86,234.23,222.00,230.46,243.61,251.08,238.97,232.00,222.48,211.99,218.18,210.24,205.53,200.00,207.00,200.62,197.73,191.89,195.20,188.45,182.55,177.80
S179,192.07,185.95,182.68,172.18,180.47,178.00,176.62,178.00,176.00,171.31,169.97,168.08,176.00,171.31,169.97,168.08,168.16,166.78,165.40,165.39,165.00,160.83,160.44,160.00,160.44,158.08,159.40,156.76,156.03,156.05,162.42,162.85,165.56,157.95,146.68,134.63,160.43,143.86,119.48,87.03,101.36,76.32,30.96,18.32,5.51,0.06,0.00,0.00,0.00,-0.01,-0.09,-0.19,-1.01,-1.76,-2.02,-2.99,-2.21,-2.95,-2.76,-2.02,-2.00,-1.02,-0.21,-0.12,-0.01,-0.01,0.00,0.00,0.00,0.15,7.01,45.25,41.25,92.71,144.61,178.48,168.79,188.35,193.27,194.45,190.84,191.93,198.95,201.28,194.32,188.00,185.68,167.39,174.16,164.44,151.86,148.56,164.94,156.51,152.22,148.03,149.36,147.47,145.18,143.72
S180,191.82,189.19,180.22,174.22,181.81,175.85,171.40,166.79,170.78,168.95,168.78,167.64,170.78,168.95,168.78,167.64,164.24,165.16,165.14,165.10,162.10,161.64,159.64,158.22,154.64,158.20,170.54,179.47,191.32,216.62,229.85,226.60,231.37,233.00,226.86,223.25,239.11,230.33,213.57,180.74,212.30,187.84,173.02,163.64,179.29,166.30,158.59,143.09,146.58,137.15,115.77,101.85,98.32,89.79,88.93,76.72,82.26,74.88,68.67,63.94,65.66,79.03,88.03,93.47,89.63,108.68,120.71,130.04,115.21,144.04,161.18,199.62,179.02,201.77,213.69,218.93,219.11,227.88,231.77,244.45,242.68,233.35,227.37,215.79,218.43,207.01,196.85,185.29,183.94,174.47,168.62,152.73,161.51,155.92,153.74,145.44,139.69,134.04,128.69,119.12
