== docker build --no-cache staging/energy-centre-dispatch/environment
#0 building with "desktop-linux" instance using docker driver

#1 [internal] load build definition from Dockerfile
#1 transferring dockerfile: 625B done
#1 DONE 0.0s

#2 [internal] load metadata for docker.io/library/python:3.13-slim-bookworm@sha256:a1165e272e578941b84abc79e4ab38a0305cd12803a5c4247979ac7655f4d641
#2 DONE 0.0s

#3 [internal] load .dockerignore
#3 transferring context: 2B done
#3 DONE 0.0s

#4 [1/8] FROM docker.io/library/python:3.13-slim-bookworm@sha256:a1165e272e578941b84abc79e4ab38a0305cd12803a5c4247979ac7655f4d641
#4 resolve docker.io/library/python:3.13-slim-bookworm@sha256:a1165e272e578941b84abc79e4ab38a0305cd12803a5c4247979ac7655f4d641 done
#4 CACHED

#5 [internal] load build context
#5 transferring context: 28.23kB done
#5 DONE 0.0s

#6 [2/8] RUN apt-get update &&     apt-get install -y --no-install-recommends bash ca-certificates curl nodejs npm procps ripgrep &&     rm -rf /var/lib/apt/lists/*
#6 0.510 Get:1 http://deb.debian.org/debian bookworm InRelease [151 kB]
#6 0.821 Get:2 http://deb.debian.org/debian bookworm-updates InRelease [55.4 kB]
#6 1.102 Get:3 http://deb.debian.org/debian-security bookworm-security InRelease [34.8 kB]
#6 2.232 Get:4 http://deb.debian.org/debian bookworm/main arm64 Packages [8689 kB]
#6 2.510 Get:5 http://deb.debian.org/debian bookworm-updates/main arm64 Packages [6936 B]
#6 2.913 Get:6 http://deb.debian.org/debian-security bookworm-security/main arm64 Packages [347 kB]
#6 2.936 Fetched 9285 kB in 3s (3328 kB/s)
#6 2.936 Reading package lists...
#6 3.170 Reading package lists...
#6 3.396 Building dependency tree...
#6 3.466 Reading state information...
#6 3.542 bash is already the newest version (5.2.15-2+b13).
#6 3.542 bash set to manually installed.
#6 3.542 ca-certificates is already the newest version (20250419~deb12u1).
#6 3.542 The following additional packages will be installed:
#6 3.542   eslint gyp handlebars libbrotli1 libc-ares2 libcurl4 libexpat1
#6 3.542   libgssapi-krb5-2 libicu72 libjs-async libjs-events libjs-inherits
#6 3.542   libjs-is-typedarray libjs-prettify libjs-regenerate libjs-source-map
#6 3.542   libjs-sprintf-js libjs-typedarray-to-buffer libjs-util libk5crypto3
#6 3.542   libkeyutils1 libkrb5-3 libkrb5support0 libldap-2.5-0 libnghttp2-14
#6 3.542   libnode-dev libnode108 libnsl2 libproc2-0 libpsl5 libpython3-stdlib
#6 3.542   libpython3.11-minimal libpython3.11-stdlib librtmp1 libsasl2-2
#6 3.542   libsasl2-modules-db libssh2-1 libssl-dev libtirpc-common libtirpc3 libuv1
#6 3.542   libuv1-dev media-types node-abbrev node-acorn node-agent-base node-ajv
#6 3.542   node-ajv-keywords node-ampproject-remapping node-ansi-escapes
#6 3.542   node-ansi-regex node-ansi-styles node-anymatch node-aproba node-archy
#6 3.542   node-are-we-there-yet node-argparse node-arrify node-assert node-async
#6 3.542   node-async-each node-babel-helper-define-polyfill-provider
#6 3.542   node-babel-plugin-add-module-exports node-babel-plugin-lodash
#6 3.542   node-babel-plugin-polyfill-corejs2 node-babel-plugin-polyfill-corejs3
#6 3.542   node-babel-plugin-polyfill-regenerator node-babel7 node-babel7-runtime
#6 3.542   node-balanced-match node-base64-js node-binary-extensions
#6 3.542   node-brace-expansion node-braces node-browserslist node-builtins node-busboy
#6 3.542   node-cacache node-camelcase node-caniuse-lite node-chalk node-chokidar
#6 3.542   node-chownr node-chrome-trace-event node-ci-info node-cjs-module-lexer
#6 3.542   node-cli-table node-cliui node-clone node-clone-deep node-color-convert
#6 3.542   node-color-name node-colors node-columnify node-commander node-commondir
#6 3.542   node-concat-stream node-console-control-strings node-convert-source-map
#6 3.542   node-copy-concurrently node-core-js node-core-js-compat node-core-js-pure
#6 3.542   node-core-util-is node-css-loader node-css-selector-tokenizer
#6 3.542   node-data-uri-to-buffer node-debbundle-es-to-primitive node-debug
#6 3.542   node-decamelize node-decompress-response node-deep-equal node-deep-is
#6 3.542   node-defaults node-define-properties node-defined node-del node-delegates
#6 3.542   node-depd node-diff node-doctrine node-electron-to-chromium node-encoding
#6 3.542   node-end-of-stream node-enhanced-resolve node-err-code node-errno
#6 3.542   node-error-ex node-es-abstract node-es-module-lexer node-es6-error
#6 3.542   node-escape-string-regexp node-escodegen node-eslint-scope node-eslint-utils
#6 3.542   node-eslint-visitor-keys node-espree node-esprima node-esquery
#6 3.542   node-esrecurse node-estraverse node-esutils node-events node-fancy-log
#6 3.542   node-fast-deep-equal node-fast-levenshtein node-fetch node-file-entry-cache
#6 3.542   node-fill-range node-find-cache-dir node-find-up node-flat-cache
#6 3.542   node-flatted node-for-in node-for-own node-foreground-child
#6 3.542   node-fs-readdir-recursive node-fs-write-stream-atomic node-fs.realpath
#6 3.542   node-function-bind node-functional-red-black-tree node-gauge
#6 3.542   node-get-caller-file node-get-stream node-glob node-glob-parent node-globals
#6 3.542   node-globby node-got node-graceful-fs node-gyp node-has-flag
#6 3.542   node-has-unicode node-hosted-git-info node-https-proxy-agent node-iconv-lite
#6 3.542   node-icss-utils node-ieee754 node-iferr node-ignore node-imurmurhash
#6 3.542   node-indent-string node-inflight node-inherits node-ini node-interpret
#6 3.542   node-ip node-ip-regex node-is-arrayish node-is-binary-path node-is-buffer
#6 3.542   node-is-extendable node-is-extglob node-is-glob node-is-number
#6 3.542   node-is-path-cwd node-is-path-inside node-is-plain-obj node-is-plain-object
#6 3.542   node-is-stream node-is-typedarray node-is-windows node-isarray node-isexe
#6 3.542   node-isobject node-istanbul node-jest-debbundle node-jest-worker
#6 3.542   node-js-tokens node-js-yaml node-jsesc node-json-buffer
#6 3.542   node-json-parse-better-errors node-json-schema node-json-schema-traverse
#6 3.542   node-json-stable-stringify node-json5 node-jsonify node-jsonparse
#6 3.542   node-kind-of node-levn node-loader-runner node-locate-path node-lodash
#6 3.542   node-lodash-packages node-lowercase-keys node-lru-cache node-make-dir
#6 3.542   node-memfs node-memory-fs node-merge-stream node-micromatch node-mime
#6 3.542   node-mime-types node-mimic-response node-minimatch node-minimist
#6 3.542   node-minipass node-mkdirp node-move-concurrently node-ms node-mute-stream
#6 3.542   node-n3 node-negotiator node-neo-async node-nopt node-normalize-package-data
#6 3.542   node-normalize-path node-npm-bundled node-npm-package-arg node-npm-run-path
#6 3.542   node-npmlog node-object-assign node-object-inspect node-once node-optimist
#6 3.542   node-optionator node-osenv node-p-cancelable node-p-limit node-p-locate
#6 3.542   node-p-map node-parse-json node-path-dirname node-path-exists
#6 3.542   node-path-is-absolute node-path-is-inside node-path-type node-picocolors
#6 3.542   node-pify node-pkg-dir node-postcss node-postcss-modules-extract-imports
#6 3.542   node-postcss-modules-values node-postcss-value-parser node-prelude-ls
#6 3.543   node-process-nextick-args node-progress node-promise-inflight
#6 3.543   node-promise-retry node-promzard node-prr node-pump node-punycode
#6 3.543   node-quick-lru node-randombytes node-read node-read-package-json
#6 3.543   node-read-pkg node-readable-stream node-readdirp node-rechoir
#6 3.543   node-regenerate node-regenerate-unicode-properties node-regenerator-runtime
#6 3.543   node-regenerator-transform node-regexpp node-regexpu-core node-regjsgen
#6 3.543   node-regjsparser node-repeat-string node-require-directory node-resolve
#6 3.543   node-resolve-cwd node-resolve-from node-resumer node-retry node-rimraf
#6 3.543   node-run-queue node-safe-buffer node-schema-utils node-semver
#6 3.543   node-serialize-javascript node-set-blocking node-set-immediate-shim
#6 3.543   node-shebang-command node-shebang-regex node-signal-exit node-slash
#6 3.543   node-slice-ansi node-source-list-map node-source-map node-source-map-support
#6 3.543   node-spdx-correct node-spdx-exceptions node-spdx-expression-parse
#6 3.543   node-spdx-license-ids node-sprintf-js node-ssri node-string-decoder
#6 3.543   node-string-width node-strip-ansi node-strip-bom node-strip-json-comments
#6 3.543   node-supports-color node-tapable node-tape node-tar node-terser
#6 3.543   node-text-table node-through node-time-stamp node-to-fast-properties
#6 3.543   node-to-regex-range node-tslib node-type-check node-typedarray
#6 3.543   node-typedarray-to-buffer node-undici
#6 3.543   node-unicode-canonical-property-names-ecmascript
#6 3.543   node-unicode-match-property-ecmascript
#6 3.543   node-unicode-match-property-value-ecmascript
#6 3.543   node-unicode-property-aliases-ecmascript node-unique-filename node-uri-js
#6 3.543   node-util node-util-deprecate node-uuid node-v8-compile-cache node-v8flags
#6 3.543   node-validate-npm-package-license node-validate-npm-package-name
#6 3.543   node-watchpack node-wcwidth.js node-webassemblyjs node-webpack-sources
#6 3.543   node-which node-wide-align node-wordwrap node-wrap-ansi node-wrappy
#6 3.543   node-write node-write-file-atomic node-xtend node-y18n node-yallist
#6 3.543   node-yargs node-yargs-parser python3 python3-minimal python3-pkg-resources
#6 3.543   python3-six python3.11 python3.11-minimal terser webpack
#6 3.543 Suggested packages:
#6 3.543   node-babel-eslint node-esprima-fb node-inquirer krb5-doc krb5-user
#6 3.543   libjs-angularjs libssl-doc node-babel-plugin-polyfill-es-shims
#6 3.543   node-babel7-debug javascript-common livescript chai node-jest-diff
#6 3.543   node-opener python3-doc python3-tk python3-venv python3-setuptools
#6 3.543   python3.11-venv python3.11-doc binutils binfmt-support
#6 3.543 Recommended packages:
#6 3.543   javascript-common krb5-locales libldap-common publicsuffix libsasl2-modules
#6 3.543   build-essential nodejs-doc git node-tap psmisc
#6 4.624 The following NEW packages will be installed:
#6 4.624   curl eslint gyp handlebars libbrotli1 libc-ares2 libcurl4 libexpat1
#6 4.624   libgssapi-krb5-2 libicu72 libjs-async libjs-events libjs-inherits
#6 4.624   libjs-is-typedarray libjs-prettify libjs-regenerate libjs-source-map
#6 4.624   libjs-sprintf-js libjs-typedarray-to-buffer libjs-util libk5crypto3
#6 4.624   libkeyutils1 libkrb5-3 libkrb5support0 libldap-2.5-0 libnghttp2-14
#6 4.624   libnode-dev libnode108 libnsl2 libproc2-0 libpsl5 libpython3-stdlib
#6 4.624   libpython3.11-minimal libpython3.11-stdlib librtmp1 libsasl2-2
#6 4.624   libsasl2-modules-db libssh2-1 libssl-dev libtirpc-common libtirpc3 libuv1
#6 4.624   libuv1-dev media-types node-abbrev node-acorn node-agent-base node-ajv
#6 4.624   node-ajv-keywords node-ampproject-remapping node-ansi-escapes
#6 4.624   node-ansi-regex node-ansi-styles node-anymatch node-aproba node-archy
#6 4.624   node-are-we-there-yet node-argparse node-arrify node-assert node-async
#6 4.624   node-async-each node-babel-helper-define-polyfill-provider
#6 4.624   node-babel-plugin-add-module-exports node-babel-plugin-lodash
#6 4.624   node-babel-plugin-polyfill-corejs2 node-babel-plugin-polyfill-corejs3
#6 4.624   node-babel-plugin-polyfill-regenerator node-babel7 node-babel7-runtime
#6 4.624   node-balanced-match node-base64-js node-binary-extensions
#6 4.624   node-brace-expansion node-braces node-browserslist node-builtins node-busboy
#6 4.624   node-cacache node-camelcase node-caniuse-lite node-chalk node-chokidar
#6 4.624   node-chownr node-chrome-trace-event node-ci-info node-cjs-module-lexer
#6 4.624   node-cli-table node-cliui node-clone node-clone-deep node-color-convert
#6 4.624   node-color-name node-colors node-columnify node-commander node-commondir
#6 4.624   node-concat-stream node-console-control-strings node-convert-source-map
#6 4.624   node-copy-concurrently node-core-js node-core-js-compat node-core-js-pure
#6 4.624   node-core-util-is node-css-loader node-css-selector-tokenizer
#6 4.624   node-data-uri-to-buffer node-debbundle-es-to-primitive node-debug
#6 4.624   node-decamelize node-decompress-response node-deep-equal node-deep-is
#6 4.624   node-defaults node-define-properties node-defined node-del node-delegates
#6 4.624   node-depd node-diff node-doctrine node-electron-to-chromium node-encoding
#6 4.624   node-end-of-stream node-enhanced-resolve node-err-code node-errno
#6 4.624   node-error-ex node-es-abstract node-es-module-lexer node-es6-error
#6 4.624   node-escape-string-regexp node-escodegen node-eslint-scope node-eslint-utils
#6 4.624   node-eslint-visitor-keys node-espree node-esprima node-esquery
#6 4.624   node-esrecurse node-estraverse node-esutils node-events node-fancy-log
#6 4.624   node-fast-deep-equal node-fast-levenshtein node-fetch node-file-entry-cache
#6 4.624   node-fill-range node-find-cache-dir node-find-up node-flat-cache
#6 4.624   node-flatted node-for-in node-for-own node-foreground-child
#6 4.624   node-fs-readdir-recursive node-fs-write-stream-atomic node-fs.realpath
#6 4.624   node-function-bind node-functional-red-black-tree node-gauge
#6 4.624   node-get-caller-file node-get-stream node-glob node-glob-parent node-globals
#6 4.624   node-globby node-got node-graceful-fs node-gyp node-has-flag
#6 4.624   node-has-unicode node-hosted-git-info node-https-proxy-agent node-iconv-lite
#6 4.624   node-icss-utils node-ieee754 node-iferr node-ignore node-imurmurhash
#6 4.624   node-indent-string node-inflight node-inherits node-ini node-interpret
#6 4.624   node-ip node-ip-regex node-is-arrayish node-is-binary-path node-is-buffer
#6 4.624   node-is-extendable node-is-extglob node-is-glob node-is-number
#6 4.624   node-is-path-cwd node-is-path-inside node-is-plain-obj node-is-plain-object
#6 4.624   node-is-stream node-is-typedarray node-is-windows node-isarray node-isexe
#6 4.624   node-isobject node-istanbul node-jest-debbundle node-jest-worker
#6 4.624   node-js-tokens node-js-yaml node-jsesc node-json-buffer
#6 4.624   node-json-parse-better-errors node-json-schema node-json-schema-traverse
#6 4.624   node-json-stable-stringify node-json5 node-jsonify node-jsonparse
#6 4.624   node-kind-of node-levn node-loader-runner node-locate-path node-lodash
#6 4.624   node-lodash-packages node-lowercase-keys node-lru-cache node-make-dir
#6 4.624   node-memfs node-memory-fs node-merge-stream node-micromatch node-mime
#6 4.624   node-mime-types node-mimic-response node-minimatch node-minimist
#6 4.624   node-minipass node-mkdirp node-move-concurrently node-ms node-mute-stream
#6 4.624   node-n3 node-negotiator node-neo-async node-nopt node-normalize-package-data
#6 4.624   node-normalize-path node-npm-bundled node-npm-package-arg node-npm-run-path
#6 4.624   node-npmlog node-object-assign node-object-inspect node-once node-optimist
#6 4.624   node-optionator node-osenv node-p-cancelable node-p-limit node-p-locate
#6 4.624   node-p-map node-parse-json node-path-dirname node-path-exists
#6 4.624   node-path-is-absolute node-path-is-inside node-path-type node-picocolors
#6 4.624   node-pify node-pkg-dir node-postcss node-postcss-modules-extract-imports
#6 4.624   node-postcss-modules-values node-postcss-value-parser node-prelude-ls
#6 4.624   node-process-nextick-args node-progress node-promise-inflight
#6 4.624   node-promise-retry node-promzard node-prr node-pump node-punycode
#6 4.624   node-quick-lru node-randombytes node-read node-read-package-json
#6 4.624   node-read-pkg node-readable-stream node-readdirp node-rechoir
#6 4.624   node-regenerate node-regenerate-unicode-properties node-regenerator-runtime
#6 4.624   node-regenerator-transform node-regexpp node-regexpu-core node-regjsgen
#6 4.624   node-regjsparser node-repeat-string node-require-directory node-resolve
#6 4.624   node-resolve-cwd node-resolve-from node-resumer node-retry node-rimraf
#6 4.624   node-run-queue node-safe-buffer node-schema-utils node-semver
#6 4.624   node-serialize-javascript node-set-blocking node-set-immediate-shim
#6 4.624   node-shebang-command node-shebang-regex node-signal-exit node-slash
#6 4.624   node-slice-ansi node-source-list-map node-source-map node-source-map-support
#6 4.624   node-spdx-correct node-spdx-exceptions node-spdx-expression-parse
#6 4.624   node-spdx-license-ids node-sprintf-js node-ssri node-string-decoder
#6 4.624   node-string-width node-strip-ansi node-strip-bom node-strip-json-comments
#6 4.624   node-supports-color node-tapable node-tape node-tar node-terser
#6 4.624   node-text-table node-through node-time-stamp node-to-fast-properties
#6 4.624   node-to-regex-range node-tslib node-type-check node-typedarray
#6 4.624   node-typedarray-to-buffer node-undici
#6 4.624   node-unicode-canonical-property-names-ecmascript
#6 4.624   node-unicode-match-property-ecmascript
#6 4.624   node-unicode-match-property-value-ecmascript
#6 4.624   node-unicode-property-aliases-ecmascript node-unique-filename node-uri-js
#6 4.624   node-util node-util-deprecate node-uuid node-v8-compile-cache node-v8flags
#6 4.624   node-validate-npm-package-license node-validate-npm-package-name
#6 4.624   node-watchpack node-wcwidth.js node-webassemblyjs node-webpack-sources
#6 4.624   node-which node-wide-align node-wordwrap node-wrap-ansi node-wrappy
#6 4.624   node-write node-write-file-atomic node-xtend node-y18n node-yallist
#6 4.624   node-yargs node-yargs-parser nodejs npm procps python3 python3-minimal
#6 4.624   python3-pkg-resources python3-six python3.11 python3.11-minimal ripgrep
#6 4.624   terser webpack
#6 5.093 0 upgraded, 391 newly installed, 0 to remove and 0 not upgraded.
#6 5.093 Need to get 43.2 MB of archives.
#6 5.093 After this operation, 232 MB of additional disk space will be used.
#6 5.093 Get:1 http://deb.debian.org/debian-security bookworm-security/main arm64 libpython3.11-minimal arm64 3.11.2-6+deb12u9 [814 kB]
#6 5.428 Get:2 http://deb.debian.org/debian-security bookworm-security/main arm64 libexpat1 arm64 2.5.0-1+deb12u4 [89.2 kB]
#6 5.976 Get:3 http://deb.debian.org/debian-security bookworm-security/main arm64 python3.11-minimal arm64 3.11.2-6+deb12u9 [1862 kB]
#6 6.249 Get:4 http://deb.debian.org/debian bookworm/main arm64 python3-minimal arm64 3.11.2-1+b1 [26.3 kB]
#6 6.529 Get:5 http://deb.debian.org/debian bookworm/main arm64 media-types all 10.0.0 [26.1 kB]
#6 6.831 Get:6 http://deb.debian.org/debian bookworm/main arm64 libkrb5support0 arm64 1.20.1-2+deb12u5 [32.6 kB]
#6 7.149 Get:7 http://deb.debian.org/debian bookworm/main arm64 libk5crypto3 arm64 1.20.1-2+deb12u5 [79.9 kB]
#6 7.403 Get:8 http://deb.debian.org/debian bookworm/main arm64 libkeyutils1 arm64 1.6.3-2 [8844 B]
#6 7.803 Get:9 http://deb.debian.org/debian bookworm/main arm64 libkrb5-3 arm64 1.20.1-2+deb12u5 [316 kB]
#6 8.183 Get:10 http://deb.debian.org/debian bookworm/main arm64 libgssapi-krb5-2 arm64 1.20.1-2+deb12u5 [124 kB]
#6 8.425 Get:11 http://deb.debian.org/debian bookworm/main arm64 libtirpc-common all 1.3.3+ds-1 [14.0 kB]
#6 8.753 Get:12 http://deb.debian.org/debian bookworm/main arm64 libtirpc3 arm64 1.3.3+ds-1 [80.9 kB]
#6 9.038 Get:13 http://deb.debian.org/debian bookworm/main arm64 libnsl2 arm64 1.3.0-2 [36.9 kB]
#6 9.571 Get:14 http://deb.debian.org/debian-security bookworm-security/main arm64 libpython3.11-stdlib arm64 3.11.2-6+deb12u9 [1750 kB]
#6 10.02 Get:15 http://deb.debian.org/debian-security bookworm-security/main arm64 python3.11 arm64 3.11.2-6+deb12u9 [575 kB]
#6 10.28 Get:16 http://deb.debian.org/debian bookworm/main arm64 libpython3-stdlib arm64 3.11.2-1+b1 [9296 B]
#6 10.54 Get:17 http://deb.debian.org/debian bookworm/main arm64 python3 arm64 3.11.2-1+b1 [26.3 kB]
#6 10.87 Get:18 http://deb.debian.org/debian bookworm/main arm64 libproc2-0 arm64 2:4.0.2-3 [60.1 kB]
#6 11.33 Get:19 http://deb.debian.org/debian bookworm/main arm64 procps arm64 2:4.0.2-3 [698 kB]
#6 11.72 Get:20 http://deb.debian.org/debian bookworm/main arm64 libbrotli1 arm64 1.0.9-2+b6 [269 kB]
#6 12.00 Get:21 http://deb.debian.org/debian bookworm/main arm64 libsasl2-modules-db arm64 2.1.28+dfsg-10 [20.8 kB]
#6 12.32 Get:22 http://deb.debian.org/debian bookworm/main arm64 libsasl2-2 arm64 2.1.28+dfsg-10 [58.0 kB]
#6 12.70 Get:23 http://deb.debian.org/debian bookworm/main arm64 libldap-2.5-0 arm64 2.5.13+dfsg-5 [171 kB]
#6 13.02 Get:24 http://deb.debian.org/debian bookworm/main arm64 libnghttp2-14 arm64 1.52.0-1+deb12u3 [69.0 kB]
#6 13.34 Get:25 http://deb.debian.org/debian bookworm/main arm64 libpsl5 arm64 0.21.2-1 [58.6 kB]
#6 13.66 Get:26 http://deb.debian.org/debian bookworm/main arm64 librtmp1 arm64 2.4+20151223.gitfa8646d.1-2+b2 [59.4 kB]
#6 14.02 Get:27 http://deb.debian.org/debian-security bookworm-security/main arm64 libssh2-1 arm64 1.10.0-3+deb12u1 [169 kB]
#6 14.58 Get:28 http://deb.debian.org/debian bookworm/main arm64 libcurl4 arm64 7.88.1-10+deb12u15 [367 kB]
#6 14.99 Get:29 http://deb.debian.org/debian bookworm/main arm64 curl arm64 7.88.1-10+deb12u15 [310 kB]
#6 15.22 Get:30 http://deb.debian.org/debian bookworm/main arm64 node-fast-deep-equal all 3.1.3-3 [5768 B]
#6 15.45 Get:31 http://deb.debian.org/debian bookworm/main arm64 node-json-schema-traverse all 1.0.0-3 [6308 B]
#6 15.72 Get:32 http://deb.debian.org/debian bookworm/main arm64 node-jsonify all 0.0.1-1 [8704 B]
#6 15.96 Get:33 http://deb.debian.org/debian bookworm/main arm64 node-json-stable-stringify all 1.0.2+~cs5.2.34-1 [11.3 kB]
#6 16.30 Get:34 http://deb.debian.org/debian bookworm/main arm64 libc-ares2 arm64 1.18.1-3 [99.2 kB]
#6 17.61 Get:35 http://deb.debian.org/debian bookworm/main arm64 libicu72 arm64 72.1-3+deb12u1 [9202 kB]
#6 18.00 Get:36 http://deb.debian.org/debian bookworm/main arm64 libuv1 arm64 1.44.2-1+deb12u1 [130 kB]
#6 18.25 Get:37 http://deb.debian.org/debian bookworm/main arm64 node-xtend all 4.0.2-3 [3932 B]
#6 18.59 Get:38 http://deb.debian.org/debian bookworm/main arm64 node-acorn all 8.8.1+ds+~cs25.17.7-2 [128 kB]
#6 18.88 Get:39 http://deb.debian.org/debian bookworm/main arm64 node-cjs-module-lexer all 1.2.2+dfsg-5 [30.1 kB]
#6 19.14 Get:40 http://deb.debian.org/debian bookworm/main arm64 node-busboy all 1.6.0+~cs2.6.0-2 [16.9 kB]
#6 19.54 Get:41 http://deb.debian.org/debian bookworm/main arm64 node-undici all 5.15.0+dfsg1+~cs20.10.9.3-1+deb12u4 [285 kB]
#6 20.77 Get:42 http://deb.debian.org/debian-security bookworm-security/main arm64 libnode108 arm64 18.20.4+dfsg-1~deb12u3 [9568 kB]
#6 21.18 Get:43 http://deb.debian.org/debian-security bookworm-security/main arm64 nodejs arm64 18.20.4+dfsg-1~deb12u3 [322 kB]
#6 21.43 Get:44 http://deb.debian.org/debian bookworm/main arm64 node-punycode all 2.1.1-6 [9444 B]
#6 21.73 Get:45 http://deb.debian.org/debian bookworm/main arm64 node-uri-js all 4.4.0+dfsg-8 [47.3 kB]
#6 22.05 Get:46 http://deb.debian.org/debian bookworm/main arm64 node-ajv all 6.12.6-3 [74.0 kB]
#6 22.28 Get:47 http://deb.debian.org/debian bookworm/main arm64 libjs-inherits all 2.0.4-6 [3548 B]
#6 22.52 Get:48 http://deb.debian.org/debian bookworm/main arm64 node-inherits all 2.0.4-6 [4548 B]
#6 22.78 Get:49 http://deb.debian.org/debian bookworm/main arm64 node-core-util-is all 1.0.3-1 [4072 B]
#6 23.04 Get:50 http://deb.debian.org/debian bookworm/main arm64 node-safe-buffer all 5.2.1+~cs2.1.2-3 [15.5 kB]
#6 23.31 Get:51 http://deb.debian.org/debian bookworm/main arm64 node-string-decoder all 1.3.0-6 [7180 B]
#6 23.55 Get:52 http://deb.debian.org/debian bookworm/main arm64 node-process-nextick-args all 2.0.1-3 [3816 B]
#6 23.80 Get:53 http://deb.debian.org/debian bookworm/main arm64 node-util-deprecate all 1.0.2-3 [4436 B]
#6 24.06 Get:54 http://deb.debian.org/debian bookworm/main arm64 node-isarray all 2.0.5-4 [4040 B]
#6 24.35 Get:55 http://deb.debian.org/debian bookworm/main arm64 node-readable-stream all 3.6.0+~cs3.0.0-4 [32.0 kB]
#6 24.59 Get:56 http://deb.debian.org/debian bookworm/main arm64 node-typedarray all 0.0.7-1 [11.4 kB]
#6 24.83 Get:57 http://deb.debian.org/debian bookworm/main arm64 node-concat-stream all 2.0.0+~2.0.0-2 [6388 B]
#6 25.08 Get:58 http://deb.debian.org/debian bookworm/main arm64 node-ms all 2.1.3+~cs0.7.31-3 [5648 B]
#6 25.35 Get:59 http://deb.debian.org/debian bookworm/main arm64 node-debug all 4.3.4+~cs4.1.7-1 [18.1 kB]
#6 25.61 Get:60 http://deb.debian.org/debian bookworm/main arm64 node-esutils all 2.0.3+~2.0.0-1 [12.4 kB]
#6 25.90 Get:61 http://deb.debian.org/debian bookworm/main arm64 node-doctrine all 3.0.0-4 [19.9 kB]
#6 26.17 Get:62 http://deb.debian.org/debian bookworm/main arm64 node-eslint-visitor-keys all 3.3.0+~1.0.0-1 [17.1 kB]
#6 26.41 Get:63 http://deb.debian.org/debian bookworm/main arm64 node-estraverse all 5.3.0+ds+~5.1.1-1 [11.6 kB]
#6 26.65 Get:64 http://deb.debian.org/debian bookworm/main arm64 node-object-assign all 4.1.1-7 [4684 B]
#6 26.90 Get:65 http://deb.debian.org/debian bookworm/main arm64 node-esrecurse all 4.3.0-2 [6048 B]
#6 27.18 Get:66 http://deb.debian.org/debian bookworm/main arm64 node-eslint-scope all 7.1.1+~3.7.4-1 [35.6 kB]
#6 27.46 Get:67 http://deb.debian.org/debian bookworm/main arm64 node-espree all 9.4.1~dfsg-1 [41.0 kB]
#6 27.98 Get:68 http://deb.debian.org/debian bookworm/main arm64 node-esquery all 1.4.2~ds-1 [24.9 kB]
#6 28.23 Get:69 http://deb.debian.org/debian bookworm/main arm64 node-eslint-utils all 3.0.0-3 [15.5 kB]
#6 28.47 Get:70 http://deb.debian.org/debian bookworm/main arm64 node-flatted all 3.2.7~ds-1+deb12u1 [10.4 kB]
#6 28.72 Get:71 http://deb.debian.org/debian bookworm/main arm64 node-fs.realpath all 1.0.0-3 [6172 B]
#6 28.96 Get:72 http://deb.debian.org/debian bookworm/main arm64 node-wrappy all 1.0.2-3 [3776 B]
#6 29.19 Get:73 http://deb.debian.org/debian bookworm/main arm64 node-once all 1.4.0-7 [4492 B]
#6 29.44 Get:74 http://deb.debian.org/debian bookworm/main arm64 node-inflight all 1.0.6-2 [3952 B]
#6 29.67 Get:75 http://deb.debian.org/debian bookworm/main arm64 node-balanced-match all 2.0.0-1 [4872 B]
#6 29.92 Get:76 http://deb.debian.org/debian bookworm/main arm64 node-brace-expansion all 2.0.1-2 [7320 B]
#6 30.20 Get:77 http://deb.debian.org/debian bookworm/main arm64 node-minimatch all 5.1.1+~5.1.2-1 [18.6 kB]
#6 30.57 Get:78 http://deb.debian.org/debian bookworm/main arm64 node-glob all 8.0.3+~cs8.4.15-1 [133 kB]
#6 30.82 Get:79 http://deb.debian.org/debian bookworm/main arm64 node-rimraf all 3.0.2-2 [11.1 kB]
#6 31.09 Get:80 http://deb.debian.org/debian bookworm/main arm64 node-write all 2.0.0~6.0.0+~3.0.4+~2.0.0+~1.0.0+~2.0.1-5 [17.8 kB]
#6 31.37 Get:81 http://deb.debian.org/debian bookworm/main arm64 node-flat-cache all 3.0.4~6.0.0+~3.0.4+~2.0.0+~1.0.0+~2.0.1-5 [20.1 kB]
#6 31.63 Get:82 http://deb.debian.org/debian bookworm/main arm64 node-file-entry-cache all 6.0.0+~3.0.4+~2.0.0+~1.0.0+~2.0.1-5 [15.0 kB]
#6 31.87 Get:83 http://deb.debian.org/debian bookworm/main arm64 node-functional-red-black-tree all 1.0.1+20181105-7 [14.1 kB]
#6 32.12 Get:84 http://deb.debian.org/debian bookworm/main arm64 node-is-extglob all 2.1.1-5 [4612 B]
#6 32.39 Get:85 http://deb.debian.org/debian bookworm/main arm64 node-is-glob all 4.0.3-2 [6620 B]
#6 32.64 Get:86 http://deb.debian.org/debian bookworm/main arm64 node-path-dirname all 1.0.2-2 [4312 B]
#6 32.88 Get:87 http://deb.debian.org/debian bookworm/main arm64 node-glob-parent all 6.0.2+~5.1.1-2 [8784 B]
#6 33.13 Get:88 http://deb.debian.org/debian bookworm/main arm64 node-globals all 13.18.0-1 [11.1 kB]
#6 33.38 Get:89 http://deb.debian.org/debian bookworm/main arm64 node-resolve-from all 5.0.0+~3.1.0+~3.3.0+~2.0.0-1 [7292 B]
#6 33.63 Get:90 http://deb.debian.org/debian bookworm/main arm64 node-imurmurhash all 0.1.4+dfsg+~0.1.1-2 [8412 B]
#6 33.90 Get:91 http://deb.debian.org/debian bookworm/main arm64 node-ignore all 5.2.1-1 [26.4 kB]
#6 34.14 Get:92 http://deb.debian.org/debian bookworm/main arm64 node-prelude-ls all 1.2.1+dfsg-3 [11.3 kB]
#6 34.38 Get:93 http://deb.debian.org/debian bookworm/main arm64 node-type-check all 0.4.0+dfsg-3 [9184 B]
#6 34.61 Get:94 http://deb.debian.org/debian bookworm/main arm64 node-levn all 0.4.1+dfsg-2 [10.2 kB]
#6 35.05 Get:95 http://deb.debian.org/debian-security bookworm-security/main arm64 node-lodash all 4.17.21+dfsg+~cs8.31.198.20210220-9+deb12u1 [462 kB]
#6 35.35 Get:96 http://deb.debian.org/debian bookworm/main arm64 node-memfs all 3.4.12+~cs1.0.3-1 [46.8 kB]
#6 35.61 Get:97 http://deb.debian.org/debian bookworm/main arm64 node-mkdirp all 1.0.4+~1.0.2-4 [11.6 kB]
#6 35.85 Get:98 http://deb.debian.org/debian bookworm/main arm64 node-deep-is all 0.1.4-1 [5136 B]
#6 36.11 Get:99 http://deb.debian.org/debian bookworm/main arm64 node-fast-levenshtein all 2.0.6+ds-3 [6040 B]
#6 36.37 Get:100 http://deb.debian.org/debian bookworm/main arm64 node-optionator all 0.9.1+dfsg+~cs1.2.3-1 [17.6 kB]
#6 36.62 Get:101 http://deb.debian.org/debian bookworm/main arm64 node-progress all 2.0.3-2 [8256 B]
#6 36.86 Get:102 http://deb.debian.org/debian bookworm/main arm64 libjs-regenerate all 1.4.2-3 [14.3 kB]
#6 37.09 Get:103 http://deb.debian.org/debian bookworm/main arm64 node-regenerate all 1.4.2-3 [7388 B]
#6 37.40 Get:104 http://deb.debian.org/debian bookworm/main arm64 node-regenerate-unicode-properties all 10.1.0+ds-1 [50.7 kB]
#6 37.67 Get:105 http://deb.debian.org/debian bookworm/main arm64 node-regexpp all 3.2.0-4+deb12u1 [27.0 kB]
#6 37.92 Get:106 http://deb.debian.org/debian bookworm/main arm64 node-yallist all 4.0.0+~4.0.1-1 [8172 B]
#6 38.20 Get:107 http://deb.debian.org/debian bookworm/main arm64 node-lru-cache all 7.14.1-1 [26.3 kB]
#6 38.49 Get:108 http://deb.debian.org/debian bookworm/main arm64 node-semver all 7.3.5+~7.3.9-2 [42.1 kB]
#6 38.74 Get:109 http://deb.debian.org/debian bookworm/main arm64 node-strip-json-comments all 4.0.0-4 [5668 B]
#6 38.97 Get:110 http://deb.debian.org/debian bookworm/main arm64 node-json-schema all 0.4.0+~7.0.11-1 [13.1 kB]
#6 39.23 Get:111 http://deb.debian.org/debian bookworm/main arm64 node-v8-compile-cache all 2.3.0-3+deb12u1 [8464 B]
#6 39.67 Get:112 http://deb.debian.org/debian bookworm/main arm64 eslint all 6.4.0~dfsg+~6.1.9-7 [606 kB]
#6 40.06 Get:113 http://deb.debian.org/debian bookworm/main arm64 python3-pkg-resources all 66.1.1-1+deb12u2 [297 kB]
#6 40.35 Get:114 http://deb.debian.org/debian bookworm/main arm64 python3-six all 1.16.0-4 [17.5 kB]
#6 40.73 Get:115 http://deb.debian.org/debian bookworm/main arm64 gyp all 0.1+20220404git9ecf45e-2 [237 kB]
#6 41.03 Get:116 http://deb.debian.org/debian bookworm/main arm64 node-neo-async all 2.6.2+~cs3.0.0-2 [35.2 kB]
#6 41.28 Get:117 http://deb.debian.org/debian bookworm/main arm64 node-arrify all 2.0.1-3 [3700 B]
#6 41.53 Get:118 http://deb.debian.org/debian bookworm/main arm64 node-is-plain-obj all 3.0.0-2 [3972 B]
#6 41.78 Get:119 http://deb.debian.org/debian bookworm/main arm64 node-is-buffer all 2.0.5-2 [4112 B]
#6 42.03 Get:120 http://deb.debian.org/debian bookworm/main arm64 node-kind-of all 6.0.3+dfsg-2 [10.2 kB]
#6 42.28 Get:121 http://deb.debian.org/debian bookworm/main arm64 node-minimist all 1.2.7+~cs5.3.2-2 [14.7 kB]
#6 42.52 Get:122 http://deb.debian.org/debian bookworm/main arm64 node-wordwrap all 1.0.0-4 [4628 B]
#6 42.77 Get:123 http://deb.debian.org/debian bookworm/main arm64 node-optimist all 0.6.1+~0.0.30-2 [13.5 kB]
#6 43.06 Get:124 http://deb.debian.org/debian bookworm/main arm64 libjs-source-map all 0.7.0++dfsg2+really.0.6.1-15 [29.6 kB]
#6 43.38 Get:125 http://deb.debian.org/debian bookworm/main arm64 node-source-map all 0.7.0++dfsg2+really.0.6.1-15 [41.7 kB]
#6 43.75 Get:126 http://deb.debian.org/debian bookworm/main arm64 handlebars all 3:4.7.7+~4.1.0-1 [199 kB]
#6 44.03 Get:127 http://deb.debian.org/debian bookworm/main arm64 libjs-async all 0.8.0-6 [24.2 kB]
#6 44.26 Get:128 http://deb.debian.org/debian bookworm/main arm64 libjs-events all 3.3.0+~3.0.0-3 [11.3 kB]
#6 44.50 Get:129 http://deb.debian.org/debian bookworm/main arm64 libjs-is-typedarray all 1.0.0-4 [3816 B]
#6 44.80 Get:130 http://deb.debian.org/debian bookworm/main arm64 libjs-prettify all 2015.12.04+dfsg-1.1 [41.7 kB]
#6 45.05 Get:131 http://deb.debian.org/debian bookworm/main arm64 libjs-sprintf-js all 1.1.2+ds1+~1.1.2-1 [12.8 kB]
#6 45.30 Get:132 http://deb.debian.org/debian bookworm/main arm64 libjs-typedarray-to-buffer all 4.0.0-2 [4668 B]
#6 45.67 Get:133 http://deb.debian.org/debian-security bookworm-security/main arm64 node-lodash-packages all 4.17.21+dfsg+~cs8.31.198.20210220-9+deb12u1 [179 kB]
#6 45.91 Get:134 http://deb.debian.org/debian bookworm/main arm64 node-function-bind all 1.1.1+repacked+~1.0.3-2 [5252 B]
#6 46.20 Get:135 http://deb.debian.org/debian bookworm/main arm64 node-object-inspect all 1.12.2+~cs1.8.1-1 [20.8 kB]
#6 46.55 Get:136 http://deb.debian.org/debian bookworm/main arm64 node-es-abstract all 1.20.4+~cs26.27.47-1 [137 kB]
#6 46.83 Get:137 http://deb.debian.org/debian bookworm/main arm64 node-resolve all 1.22.1+~cs5.31.10-1 [28.1 kB]
#6 47.07 Get:138 http://deb.debian.org/debian bookworm/main arm64 node-define-properties all 1.1.4+~1.1.3-1 [6828 B]
#6 47.36 Get:139 http://deb.debian.org/debian bookworm/main arm64 node-debbundle-es-to-primitive all 1.2.1+~cs9.7.25-2 [39.9 kB]
#6 47.61 Get:140 http://deb.debian.org/debian bookworm/main arm64 node-defined all 1.0.1+~1.0.0-1 [6776 B]
#6 47.85 Get:141 http://deb.debian.org/debian bookworm/main arm64 node-abbrev all 1.1.1+~1.1.2-1 [5692 B]
#6 48.09 Get:142 http://deb.debian.org/debian bookworm/main arm64 node-archy all 1.0.0-6 [4556 B]
#6 48.33 Get:143 http://deb.debian.org/debian bookworm/main arm64 node-async all 0.8.0-6 [3748 B]
#6 48.57 Get:144 http://deb.debian.org/debian bookworm/main arm64 node-convert-source-map all 1.9.0+~1.5.2-1 [8176 B]
#6 48.81 Get:145 http://deb.debian.org/debian bookworm/main arm64 node-decamelize all 4.0.0-2 [4080 B]
#6 49.04 Get:146 http://deb.debian.org/debian bookworm/main arm64 node-es6-error all 4.1.1-5 [6148 B]
#6 49.36 Get:147 http://deb.debian.org/debian bookworm/main arm64 node-esprima all 4.0.1+ds+~4.0.3-2 [69.3 kB]
#6 49.65 Get:148 http://deb.debian.org/debian bookworm/main arm64 node-escodegen all 2.0.0+dfsg+~0.0.7-2 [23.0 kB]
#6 49.90 Get:149 http://deb.debian.org/debian bookworm/main arm64 node-commondir all 1.0.1+~1.0.0-1 [4388 B]
#6 50.15 Get:150 http://deb.debian.org/debian bookworm/main arm64 node-is-number all 7.0.0-4 [6020 B]
#6 50.39 Get:151 http://deb.debian.org/debian bookworm/main arm64 node-repeat-string all 1.6.1+repack-1 [5600 B]
#6 50.63 Get:152 http://deb.debian.org/debian bookworm/main arm64 node-to-regex-range all 5.0.1-4 [10.5 kB]
#6 50.87 Get:153 http://deb.debian.org/debian bookworm/main arm64 node-fill-range all 7.0.1+~7.0.0-1 [8952 B]
#6 51.16 Get:154 http://deb.debian.org/debian bookworm/main arm64 node-braces all 3.0.2+~3.0.1-1 [20.8 kB]
#6 51.40 Get:155 http://deb.debian.org/debian bookworm/main arm64 node-normalize-path all 3.0.0+~3.0.0-1 [6608 B]
#6 51.69 Get:156 http://deb.debian.org/debian bookworm/main arm64 node-anymatch all 3.1.3+~cs4.6.1-2 [33.4 kB]
#6 51.98 Get:157 http://deb.debian.org/debian bookworm/main arm64 node-micromatch all 4.0.5+~4.0.2-1 [25.8 kB]
#6 52.23 Get:158 http://deb.debian.org/debian bookworm/main arm64 node-pify all 5.0.0+~cs5.0.1-1 [7072 B]
#6 52.46 Get:159 http://deb.debian.org/debian bookworm/main arm64 node-path-type all 4.0.0-3 [3944 B]
#6 52.75 Get:160 http://deb.debian.org/debian bookworm/main arm64 node-n3 all 1.16.3+~1.2.3+~1.10.4-1 [37.0 kB]
#6 52.99 Get:161 http://deb.debian.org/debian bookworm/main arm64 node-slash all 4.0.0-3 [4292 B]
#6 53.29 Get:162 http://deb.debian.org/debian bookworm/main arm64 node-globby all 13.1.3+~cs16.25.40-1+deb12u1 [40.5 kB]
#6 53.54 Get:163 http://deb.debian.org/debian bookworm/main arm64 node-graceful-fs all 4.2.10-1 [14.4 kB]
#6 53.80 Get:164 http://deb.debian.org/debian bookworm/main arm64 node-is-path-cwd all 2.2.0-2 [3672 B]
#6 54.03 Get:165 http://deb.debian.org/debian bookworm/main arm64 node-path-is-inside all 1.0.2+~1.0.0-1 [5072 B]
#6 54.27 Get:166 http://deb.debian.org/debian bookworm/main arm64 node-is-path-inside all 3.0.3-2 [3980 B]
#6 54.51 Get:167 http://deb.debian.org/debian bookworm/main arm64 node-escape-string-regexp all 4.0.0-2 [4296 B]
#6 54.76 Get:168 http://deb.debian.org/debian bookworm/main arm64 node-indent-string all 4.0.0-2 [4144 B]
#6 54.99 Get:169 http://deb.debian.org/debian bookworm/main arm64 node-p-map all 4.0.0+~3.1.0+~3.0.1-1 [7912 B]
#6 55.24 Get:170 http://deb.debian.org/debian bookworm/main arm64 node-del all 7.0.0-5 [6804 B]
#6 55.47 Get:171 http://deb.debian.org/debian bookworm/main arm64 node-make-dir all 3.1.0-3 [6040 B]
#6 55.72 Get:172 http://deb.debian.org/debian bookworm/main arm64 node-p-limit all 4.0.0+~cs4.0.0-5 [7576 B]
#6 55.94 Get:173 http://deb.debian.org/debian bookworm/main arm64 node-p-locate all 6.0.0-12 [5752 B]
#6 56.18 Get:174 http://deb.debian.org/debian bookworm/main arm64 node-locate-path all 7.1.1-2 [5584 B]
#6 56.42 Get:175 http://deb.debian.org/debian bookworm/main arm64 node-path-exists all 5.0.0-8 [4732 B]
#6 56.65 Get:176 http://deb.debian.org/debian bookworm/main arm64 node-find-up all 6.3.0-7 [9388 B]
#6 56.91 Get:177 http://deb.debian.org/debian bookworm/main arm64 node-pkg-dir all 5.0.0-2 [4260 B]
#6 57.15 Get:178 http://deb.debian.org/debian bookworm/main arm64 node-find-cache-dir all 3.3.2+~3.2.1-1 [6152 B]
#6 57.39 Get:179 http://deb.debian.org/debian bookworm/main arm64 node-signal-exit all 3.0.7+~3.0.1-1 [7600 B]
#6 57.65 Get:180 http://deb.debian.org/debian bookworm/main arm64 node-foreground-child all 2.0.0-5 [6384 B]
#6 57.90 Get:181 http://deb.debian.org/debian bookworm/main arm64 node-is-stream all 3.0.0-4 [5076 B]
#6 58.16 Get:182 http://deb.debian.org/debian bookworm/main arm64 node-is-windows all 1.0.2+~cs1.0.0-1 [5936 B]
#6 58.39 Get:183 http://deb.debian.org/debian bookworm/main arm64 node-sprintf-js all 1.1.2+ds1+~1.1.2-1 [4024 B]
#6 58.68 Get:184 http://deb.debian.org/debian bookworm/main arm64 node-argparse all 2.0.1-2 [34.6 kB]
#6 59.04 Get:185 http://deb.debian.org/debian bookworm/main arm64 node-js-yaml all 4.1.0+dfsg+~4.0.5-7 [66.6 kB]
#6 59.29 Get:186 http://deb.debian.org/debian bookworm/main arm64 node-nopt all 5.0.0-4 [12.1 kB]
#6 59.51 Get:187 http://deb.debian.org/debian bookworm/main arm64 node-npm-run-path all 5.1.0+~4.0.0-8 [6276 B]
#6 59.74 Get:188 http://deb.debian.org/debian bookworm/main arm64 node-shebang-regex all 3.0.0-2 [3528 B]
#6 60.00 Get:189 http://deb.debian.org/debian bookworm/main arm64 node-shebang-command all 2.0.0-1 [3500 B]
#6 60.24 Get:190 http://deb.debian.org/debian bookworm/main arm64 node-strip-bom all 4.0.0-2 [4144 B]
#6 60.50 Get:191 http://deb.debian.org/debian bookworm/main arm64 node-has-flag all 4.0.0-3 [4304 B]
#6 60.74 Get:192 http://deb.debian.org/debian bookworm/main arm64 node-supports-color all 8.1.1+~8.1.1-1 [6920 B]
#6 60.97 Get:193 http://deb.debian.org/debian bookworm/main arm64 node-util all 0.12.5+~1.0.10-1 [5700 B]
#6 61.25 Get:194 http://deb.debian.org/debian bookworm/main arm64 node-assert all 2.0.0+~cs3.9.8-2 [26.8 kB]
#6 91.89 Get:195 http://deb.debian.org/debian bookworm/main arm64 node-ampproject-remapping all 2.2.0+~cs5.15.37-1 [59.4 kB]
#6 92.14 Get:196 http://deb.debian.org/debian bookworm/main arm64 node-babel-plugin-add-module-exports all 1.0.4+dfsg1~cs5.8.0-4 [8672 B]
#6 92.39 Get:197 http://deb.debian.org/debian bookworm/main arm64 node-regenerator-runtime all 0.15.1+~0.10.8-1 [10.6 kB]
#6 92.74 Get:198 http://deb.debian.org/debian bookworm/main arm64 node-babel7-runtime all 7.20.15+ds1+~cs214.269.168-3+deb12u2 [116 kB]
#6 93.02 Get:199 http://deb.debian.org/debian bookworm/main arm64 node-babel-helper-define-polyfill-provider all 0.3.3~0~20220913+ds1-1 [27.4 kB]
#6 93.30 Get:200 http://deb.debian.org/debian bookworm/main arm64 node-babel-plugin-polyfill-corejs2 all 0.3.3~0~20220913+ds1-1 [17.1 kB]
#6 93.67 Get:201 http://deb.debian.org/debian bookworm/main arm64 node-caniuse-lite all 1.0.30001436+dfsg+~1.0.1-1 [208 kB]
#6 93.95 Get:202 http://deb.debian.org/debian bookworm/main arm64 node-electron-to-chromium all 1.4.284-1 [20.6 kB]
#6 94.19 Get:203 http://deb.debian.org/debian bookworm/main arm64 node-picocolors all 1.0.0-4 [6652 B]
#6 94.51 Get:204 http://deb.debian.org/debian bookworm/main arm64 node-browserslist all 4.21.4+~cs6.1.17-2 [63.5 kB]
#6 94.82 Get:205 http://deb.debian.org/debian bookworm/main arm64 node-core-js-compat all 3.26.1-3 [66.1 kB]
#6 95.13 Get:206 http://deb.debian.org/debian bookworm/main arm64 node-babel-plugin-polyfill-corejs3 all 0.6.0~0~20220913+ds1-1 [29.5 kB]
#6 95.37 Get:207 http://deb.debian.org/debian bookworm/main arm64 node-babel-plugin-polyfill-regenerator all 0.4.1~0~20220913+ds1-1 [5036 B]
#6 95.61 Get:208 http://deb.debian.org/debian bookworm/main arm64 node-color-name all 1.1.4+~1.1.1-2 [5920 B]
#6 95.87 Get:209 http://deb.debian.org/debian bookworm/main arm64 node-color-convert all 2.0.1+~cs2.0.0-2 [13.1 kB]
#6 96.12 Get:210 http://deb.debian.org/debian bookworm/main arm64 node-ansi-styles all 6.2.1-2 [8640 B]
#6 96.36 Get:211 http://deb.debian.org/debian bookworm/main arm64 node-chalk all 5.2.0-1 [18.0 kB]
#6 96.60 Get:212 http://deb.debian.org/debian bookworm/main arm64 node-for-in all 1.0.2-4 [4840 B]
#6 96.84 Get:213 http://deb.debian.org/debian bookworm/main arm64 node-for-own all 1.0.0-3 [4800 B]
#6 97.09 Get:214 http://deb.debian.org/debian bookworm/main arm64 node-is-plain-object all 5.0.0-7 [6108 B]
#6 97.32 Get:215 http://deb.debian.org/debian bookworm/main arm64 node-is-extendable all 1.0.1-3 [5228 B]
#6 97.58 Get:216 http://deb.debian.org/debian bookworm/main arm64 node-clone-deep all 4.0.1+~cs7.0.2-1 [6720 B]
#6 97.89 Get:217 http://deb.debian.org/debian bookworm/main arm64 node-commander all 9.4.1-1 [65.3 kB]
#6 98.27 Get:218 http://deb.debian.org/debian bookworm/main arm64 node-core-js all 3.26.1-3 [268 kB]
#6 98.65 Get:219 http://deb.debian.org/debian bookworm/main arm64 node-core-js-pure all 3.26.1-3 [250 kB]
#6 98.94 Get:220 http://deb.debian.org/debian bookworm/main arm64 node-fs-readdir-recursive all 1.1.0+~1.1.0-1 [4540 B]
#6 99.22 Get:221 http://deb.debian.org/debian bookworm/main arm64 node-js-tokens all 8.0.0-2 [14.9 kB]
#6 99.48 Get:222 http://deb.debian.org/debian bookworm/main arm64 node-jsesc all 3.0.2+~3.0.1-1 [17.6 kB]
#6 99.76 Get:223 http://deb.debian.org/debian bookworm/main arm64 node-json5 all 2.2.3+dfsg-1 [25.6 kB]
#6 100.00 Get:224 http://deb.debian.org/debian bookworm/main arm64 node-quick-lru all 6.1.1-4 [8076 B]
#6 100.3 Get:225 http://deb.debian.org/debian bookworm/main arm64 node-regenerator-transform all 0.15.1+~0.10.8-1 [24.6 kB]
#6 100.5 Get:226 http://deb.debian.org/debian bookworm/main arm64 node-regjsgen all 0.7.1+ds-1 [6968 B]
#6 100.8 Get:227 http://deb.debian.org/debian bookworm/main arm64 node-regjsparser all 0.9.1+ds-2 [22.1 kB]
#6 101.0 Get:228 http://deb.debian.org/debian bookworm/main arm64 node-unicode-canonical-property-names-ecmascript all 2.0.0-2 [4540 B]
#6 101.3 Get:229 http://deb.debian.org/debian bookworm/main arm64 node-unicode-property-aliases-ecmascript all 2.1.0+ds-1 [5256 B]
#6 101.5 Get:230 http://deb.debian.org/debian bookworm/main arm64 node-unicode-match-property-ecmascript all 2.0.0-2 [4440 B]
#6 101.8 Get:231 http://deb.debian.org/debian bookworm/main arm64 node-unicode-match-property-value-ecmascript all 2.1.0+ds-1 [7272 B]
#6 102.0 Get:232 http://deb.debian.org/debian bookworm/main arm64 node-regexpu-core all 5.2.2-3 [13.9 kB]
#6 102.3 Get:233 http://deb.debian.org/debian bookworm/main arm64 node-source-map-support all 0.5.21+ds+~0.5.4-1 [14.5 kB]
#6 102.5 Get:234 http://deb.debian.org/debian bookworm/main arm64 node-to-fast-properties all 3.0.1-3 [4332 B]
#6 102.7 Get:235 http://deb.debian.org/debian bookworm/main arm64 node-v8flags all 3.2.0+~3.1.1-1 [7612 B]
#6 103.2 Get:236 http://deb.debian.org/debian bookworm/main arm64 node-babel7 all 7.20.15+ds1+~cs214.269.168-3+deb12u2 [712 kB]
#6 103.4 Get:237 http://deb.debian.org/debian bookworm/main arm64 node-is-arrayish all 0.3.2-3 [3960 B]
#6 103.7 Get:238 http://deb.debian.org/debian bookworm/main arm64 node-error-ex all 1.3.2-4 [5656 B]
#6 103.9 Get:239 http://deb.debian.org/debian bookworm/main arm64 node-json-parse-better-errors all 1.0.2+~cs3.3.1-2 [7800 B]
#6 104.1 Get:240 http://deb.debian.org/debian bookworm/main arm64 node-parse-json all 5.2.0+~cs5.1.7-1 [7356 B]
#6 104.4 Get:241 http://deb.debian.org/debian bookworm/main arm64 node-hosted-git-info all 6.1.1-2 [12.6 kB]
#6 104.6 Get:242 http://deb.debian.org/debian bookworm/main arm64 node-spdx-license-ids all 3.0.12-1 [6276 B]
#6 104.9 Get:243 http://deb.debian.org/debian bookworm/main arm64 node-spdx-exceptions all 2.3.0-2 [3992 B]
#6 105.1 Get:244 http://deb.debian.org/debian bookworm/main arm64 node-spdx-expression-parse all 3.0.1+~3.0.1-1 [7532 B]
#6 105.4 Get:245 http://deb.debian.org/debian bookworm/main arm64 node-spdx-correct all 3.1.1-2 [5464 B]
#6 105.6 Get:246 http://deb.debian.org/debian bookworm/main arm64 node-validate-npm-package-license all 3.0.4-2 [4280 B]
#6 105.8 Get:247 http://deb.debian.org/debian bookworm/main arm64 node-normalize-package-data all 4.0.1+~2.4.1-1 [13.6 kB]
#6 106.1 Get:248 http://deb.debian.org/debian bookworm/main arm64 node-read-pkg all 5.2.0-2 [24.0 kB]
#6 106.4 Get:249 http://deb.debian.org/debian bookworm/main arm64 node-uuid all 8.3.2+~8.3.3-3 [44.0 kB]
#6 106.7 Get:250 http://deb.debian.org/debian bookworm/main arm64 node-isexe all 2.0.0+~2.0.1-5 [6084 B]
#6 106.9 Get:251 http://deb.debian.org/debian bookworm/main arm64 node-which all 2.0.2+~cs1.3.2-3 [8368 B]
#6 107.1 Get:252 http://deb.debian.org/debian bookworm/main arm64 node-is-typedarray all 1.0.0-4 [3292 B]
#6 107.4 Get:253 http://deb.debian.org/debian bookworm/main arm64 node-typedarray-to-buffer all 4.0.0-2 [3380 B]
#6 107.6 Get:254 http://deb.debian.org/debian bookworm/main arm64 node-write-file-atomic all 4.0.2+~4.0.0-1 [9284 B]
#6 107.9 Get:255 http://deb.debian.org/debian bookworm/main arm64 node-slice-ansi all 5.0.0+~cs9.0.0-5 [8788 B]
#6 108.1 Get:256 http://deb.debian.org/debian bookworm/main arm64 node-ansi-regex all 5.0.1-1 [4912 B]
#6 108.4 Get:257 http://deb.debian.org/debian bookworm/main arm64 node-strip-ansi all 6.0.1-2 [4120 B]
#6 108.6 Get:258 http://deb.debian.org/debian bookworm/main arm64 node-clone all 2.1.2-4 [8280 B]
#6 108.9 Get:259 http://deb.debian.org/debian bookworm/main arm64 node-defaults all 1.0.4+~1.0.3-1 [4400 B]
#6 109.1 Get:260 http://deb.debian.org/debian bookworm/main arm64 node-wcwidth.js all 1.0.2-2 [7088 B]
#6 109.3 Get:261 http://deb.debian.org/debian bookworm/main arm64 node-string-width all 4.2.3+~cs13.2.3-1 [10.7 kB]
#6 109.6 Get:262 http://deb.debian.org/debian bookworm/main arm64 node-wrap-ansi all 8.0.1+~8.0.1-3 [11.8 kB]
#6 109.8 Get:263 http://deb.debian.org/debian bookworm/main arm64 node-cliui all 7.0.4+repack+~cs3.1.0-4 [11.5 kB]
#6 110.1 Get:264 http://deb.debian.org/debian bookworm/main arm64 node-get-caller-file all 2.0.5+~cs1.1.1-4 [5728 B]
#6 110.3 Get:265 http://deb.debian.org/debian bookworm/main arm64 node-require-directory all 2.1.1+~2.1.2-1 [7092 B]
#6 110.5 Get:266 http://deb.debian.org/debian bookworm/main arm64 node-y18n all 5.0.8+~5.0.0-3 [10.2 kB]
#6 110.8 Get:267 http://deb.debian.org/debian bookworm/main arm64 node-camelcase all 7.0.0-3 [6032 B]
#6 111.0 Get:268 http://deb.debian.org/debian bookworm/main arm64 node-yargs-parser all 21.1.1+~21.0.0-4 [28.4 kB]
#6 111.4 Get:269 http://deb.debian.org/debian bookworm/main arm64 node-yargs all 16.2.0+~16.0.4-7 [128 kB]
#6 111.8 Get:270 http://deb.debian.org/debian bookworm/main arm64 node-istanbul all 0.4.5+repack10+~cs97.25.57-3 [207 kB]
#6 112.1 Get:271 http://deb.debian.org/debian bookworm/main arm64 node-through all 2.3.8+~cs0.0.30-1 [5452 B]
#6 112.3 Get:272 http://deb.debian.org/debian bookworm/main arm64 node-resumer all 0.0.0-6 [4144 B]
#6 112.6 Get:273 http://deb.debian.org/debian bookworm/main arm64 node-tape all 5.6.1+~cs8.20.19-1 [70.9 kB]
#6 112.9 Get:274 http://deb.debian.org/debian bookworm/main arm64 node-deep-equal all 2.1.0+~cs31.12.80-1 [34.5 kB]
#6 113.1 Get:275 http://deb.debian.org/debian bookworm/main arm64 libjs-util all 0.12.5+~1.0.10-1 [16.0 kB]
#6 113.8 Get:276 http://deb.debian.org/debian-security bookworm-security/main arm64 libssl-dev arm64 3.0.22-1~deb12u1 [2318 kB]
#6 114.2 Get:277 http://deb.debian.org/debian bookworm/main arm64 libuv1-dev arm64 1.44.2-1+deb12u1 [170 kB]
#6 114.6 Get:278 http://deb.debian.org/debian-security bookworm-security/main arm64 libnode-dev arm64 18.20.4+dfsg-1~deb12u3 [514 kB]
#6 114.9 Get:279 http://deb.debian.org/debian bookworm/main arm64 node-agent-base all 6.0.2+~cs5.4.2-2 [17.3 kB]
#6 115.1 Get:280 http://deb.debian.org/debian bookworm/main arm64 node-ajv-keywords all 3.5.2-2 [20.3 kB]
#6 115.4 Get:281 http://deb.debian.org/debian bookworm/main arm64 node-ansi-escapes all 5.0.0+really.4.3.1-1 [8896 B]
#6 115.6 Get:282 http://deb.debian.org/debian bookworm/main arm64 node-aproba all 2.0.0-3 [5844 B]
#6 115.8 Get:283 http://deb.debian.org/debian bookworm/main arm64 node-delegates all 1.0.0-3 [4528 B]
#6 116.1 Get:284 http://deb.debian.org/debian bookworm/main arm64 node-are-we-there-yet all 3.0.1+~1.1.0-1 [10.0 kB]
#6 116.3 Get:285 http://deb.debian.org/debian bookworm/main arm64 node-async-each all 1.0.3-3 [4292 B]
#6 116.6 Get:286 http://deb.debian.org/debian bookworm/main arm64 node-babel-plugin-lodash all 3.3.4+~cs2.0.1-6 [11.0 kB]
#6 116.8 Get:287 http://deb.debian.org/debian bookworm/main arm64 node-base64-js all 1.5.1+dfsg+~1.3.0-2 [7140 B]
#6 117.0 Get:288 http://deb.debian.org/debian bookworm/main arm64 node-binary-extensions all 2.2.0-2 [4408 B]
#6 117.3 Get:289 http://deb.debian.org/debian bookworm/main arm64 node-builtins all 5.0.1-1 [4072 B]
#6 117.5 Get:290 http://deb.debian.org/debian bookworm/main arm64 node-chownr all 2.0.0-2 [4424 B]
#6 117.9 Get:291 http://deb.debian.org/debian bookworm/main arm64 node-iconv-lite all 0.6.3-3 [115 kB]
#6 118.1 Get:292 http://deb.debian.org/debian bookworm/main arm64 node-encoding all 0.1.13-2 [4400 B]
#6 118.4 Get:293 http://deb.debian.org/debian bookworm/main arm64 node-jsonparse all 1.3.1-10 [8020 B]
#6 118.7 Get:294 http://deb.debian.org/debian bookworm/main arm64 node-minipass all 3.3.6+~cs9.4.19-1+deb12u1 [43.1 kB]
#6 118.9 Get:295 http://deb.debian.org/debian bookworm/main arm64 node-iferr all 1.0.2+~1.0.2-1 [4588 B]
#6 119.2 Get:296 http://deb.debian.org/debian bookworm/main arm64 node-fs-write-stream-atomic all 1.0.10-6 [5316 B]
#6 119.4 Get:297 http://deb.debian.org/debian bookworm/main arm64 node-run-queue all 2.0.0-3 [5156 B]
#6 119.6 Get:298 http://deb.debian.org/debian bookworm/main arm64 node-copy-concurrently all 1.0.5-9 [7100 B]
#6 119.9 Get:299 http://deb.debian.org/debian bookworm/main arm64 node-move-concurrently all 1.0.1-5 [5152 B]
#6 120.1 Get:300 http://deb.debian.org/debian bookworm/main arm64 node-promise-inflight all 1.0.1+~1.0.0-1 [4864 B]
#6 120.4 Get:301 http://deb.debian.org/debian bookworm/main arm64 node-ssri all 9.0.1-2 [18.0 kB]
#6 120.6 Get:302 http://deb.debian.org/debian bookworm/main arm64 node-unique-filename all 1.1.1+ds-2 [4032 B]
#6 120.9 Get:303 http://deb.debian.org/debian bookworm/main arm64 node-cacache all 17.0.3+~cs10.3.7-1 [45.1 kB]
#6 121.2 Get:304 http://deb.debian.org/debian bookworm/main arm64 node-is-binary-path all 2.1.0-5 [3684 B]
#6 121.4 Get:305 http://deb.debian.org/debian bookworm/main arm64 node-path-is-absolute all 2.0.0-2 [4068 B]
#6 121.7 Get:306 http://deb.debian.org/debian bookworm/main arm64 node-set-immediate-shim all 2.0.0-2 [3740 B]
#6 122.3 Get:307 http://deb.debian.org/debian bookworm/main arm64 node-readdirp all 3.6.0-1 [11.5 kB]
#6 122.6 Get:308 http://deb.debian.org/debian bookworm/main arm64 node-chokidar all 3.5.3-2 [32.3 kB]
#6 122.9 Get:309 http://deb.debian.org/debian bookworm/main arm64 node-tslib all 2.4.1-1 [19.5 kB]
#6 123.1 Get:310 http://deb.debian.org/debian bookworm/main arm64 node-chrome-trace-event all 1.0.3-2 [6984 B]
#6 123.4 Get:311 http://deb.debian.org/debian bookworm/main arm64 node-ci-info all 3.6.1+~cs1.1.0-1 [11.7 kB]
#6 123.6 Get:312 http://deb.debian.org/debian bookworm/main arm64 node-colors all 1.4.0-4 [11.9 kB]
#6 123.9 Get:313 http://deb.debian.org/debian bookworm/main arm64 node-cli-table all 0.3.11+~cs0.13.4-3 [23.6 kB]
#6 124.2 Get:314 http://deb.debian.org/debian bookworm/main arm64 node-columnify all 1.6.0+~1.5.1-1 [12.4 kB]
#6 124.4 Get:315 http://deb.debian.org/debian bookworm/main arm64 node-console-control-strings all 1.1.0-3 [5564 B]
#6 124.7 Get:316 http://deb.debian.org/debian bookworm/main arm64 node-css-selector-tokenizer all 0.8.0+~cs4.8.3-1 [13.0 kB]
#6 124.9 Get:317 http://deb.debian.org/debian bookworm/main arm64 node-isobject all 4.0.0-2 [5332 B]
#6 125.3 Get:318 http://deb.debian.org/debian bookworm/main arm64 node-postcss all 8.4.20+~cs8.0.23-1+deb12u1 [181 kB]
#6 125.5 Get:319 http://deb.debian.org/debian bookworm/main arm64 node-icss-utils all 5.1.0+~5.1.0-1 [7564 B]
#6 125.8 Get:320 http://deb.debian.org/debian bookworm/main arm64 node-postcss-modules-extract-imports all 3.0.0-2 [6584 B]
#6 126.0 Get:321 http://deb.debian.org/debian bookworm/main arm64 node-postcss-modules-values all 4.0.0+~4.0.0-1 [7180 B]
#6 126.3 Get:322 http://deb.debian.org/debian bookworm/main arm64 node-postcss-value-parser all 4.2.0-1 [10.4 kB]
#6 126.5 Get:323 http://deb.debian.org/debian bookworm/main arm64 node-prr all 1.0.1-3 [4352 B]
#6 126.8 Get:324 http://deb.debian.org/debian bookworm/main arm64 node-errno all 1.0.0-3 [7736 B]
#6 127.0 Get:325 http://deb.debian.org/debian bookworm/main arm64 node-memory-fs all 0.5.0+~0.3.3-2 [7676 B]
#6 127.2 Get:326 http://deb.debian.org/debian bookworm/main arm64 node-tapable all 2.2.1-2 [13.6 kB]
#6 127.5 Get:327 http://deb.debian.org/debian bookworm/main arm64 node-enhanced-resolve all 5.10.0-1 [33.6 kB]
#6 127.8 Get:328 http://deb.debian.org/debian bookworm/main arm64 node-es-module-lexer all 1.1.0+dfsg-2+deb12u1 [19.7 kB]
#6 128.1 Get:329 http://deb.debian.org/debian bookworm/main arm64 node-events all 3.3.0+~3.0.0-3 [5888 B]
#6 128.3 Get:330 http://deb.debian.org/debian bookworm/main arm64 node-resolve-cwd all 3.0.0-2 [4212 B]
#6 128.7 Get:331 http://deb.debian.org/debian bookworm/main arm64 node-jest-debbundle all 29.3.1~ds1+~cs70.48.25-2 [129 kB]
#6 128.9 Get:332 http://deb.debian.org/debian bookworm/main arm64 node-interpret all 2.2.0-3 [7660 B]
#6 129.1 Get:333 http://deb.debian.org/debian bookworm/main arm64 node-merge-stream all 2.0.0+~1.1.2-2 [5124 B]
#6 129.5 Get:334 http://deb.debian.org/debian bookworm/main arm64 node-jest-worker all 29.3.1~ds1+~cs70.48.25-2 [112 kB]
#6 129.7 Get:335 http://deb.debian.org/debian bookworm/main arm64 node-loader-runner all 4.3.0-1 [7644 B]
#6 130.0 Get:336 http://deb.debian.org/debian bookworm/main arm64 node-mime all 3.0.0+dfsg+~cs3.97.1-1 [40.4 kB]
#6 130.3 Get:337 http://deb.debian.org/debian bookworm/main arm64 node-mime-types all 2.1.35-1 [9456 B]
#6 130.5 Get:338 http://deb.debian.org/debian bookworm/main arm64 node-rechoir all 0.8.0+~0.6.1-2 [6628 B]
#6 130.8 Get:339 http://deb.debian.org/debian bookworm/main arm64 node-schema-utils all 3.1.1~ds-2 [20.0 kB]
#6 131.1 Get:340 http://deb.debian.org/debian bookworm/main arm64 node-randombytes all 2.1.0+~2.0.0-2 [4852 B]
#6 131.3 Get:341 http://deb.debian.org/debian bookworm/main arm64 node-serialize-javascript all 6.0.0-2+deb12u1 [12.8 kB]
#6 131.6 Get:342 http://deb.debian.org/debian bookworm/main arm64 node-watchpack all 2.4.0+~cs2.8.1-1 [20.2 kB]
#6 132.0 Get:343 http://deb.debian.org/debian bookworm/main arm64 node-webassemblyjs all 1.11.4+dfsg+~cs10.11.17-2 [139 kB]
#6 132.2 Get:344 http://deb.debian.org/debian bookworm/main arm64 node-source-list-map all 2.0.1+dfsg-2 [9348 B]
#6 132.5 Get:345 http://deb.debian.org/debian bookworm/main arm64 node-webpack-sources all 3.2.3+~3.2.0-2 [23.2 kB]
#6 132.9 Get:346 http://deb.debian.org/debian bookworm/main arm64 node-terser all 5.16.5-2 [204 kB]
#6 133.1 Get:347 http://deb.debian.org/debian bookworm/main arm64 terser all 5.16.5-2 [16.5 kB]
#6 133.6 Get:348 http://deb.debian.org/debian bookworm/main arm64 webpack all 5.75.0+dfsg+~cs17.16.14-1+deb12u1 [756 kB]
#6 133.9 Get:349 http://deb.debian.org/debian bookworm/main arm64 node-css-loader all 6.7.2+~cs14.0.11-1 [73.0 kB]
#6 134.2 Get:350 http://deb.debian.org/debian bookworm/main arm64 node-data-uri-to-buffer all 4.0.0-3 [5540 B]
#6 134.4 Get:351 http://deb.debian.org/debian bookworm/main arm64 node-mimic-response all 3.1.0-8 [5404 B]
#6 134.6 Get:352 http://deb.debian.org/debian bookworm/main arm64 node-decompress-response all 6.0.0-2 [4620 B]
#6 134.9 Get:353 http://deb.debian.org/debian bookworm/main arm64 node-depd all 2.0.0-2 [11.2 kB]
#6 135.2 Get:354 http://deb.debian.org/debian bookworm/main arm64 node-diff all 5.0.0~dfsg+~5.0.1-4 [69.7 kB]
#6 135.4 Get:355 http://deb.debian.org/debian bookworm/main arm64 node-end-of-stream all 1.4.4+~1.4.1-1 [5292 B]
#6 135.7 Get:356 http://deb.debian.org/debian bookworm/main arm64 node-err-code all 2.0.3+dfsg-3 [4884 B]
#6 135.9 Get:357 http://deb.debian.org/debian bookworm/main arm64 node-time-stamp all 2.2.0-2 [6016 B]
#6 136.2 Get:358 http://deb.debian.org/debian bookworm/main arm64 node-fancy-log all 1.3.3+~cs1.3.1-2 [7940 B]
#6 136.5 Get:359 http://deb.debian.org/debian bookworm/main arm64 node-fetch all 3.3.0+~cs11.4.11-2 [212 kB]
#6 136.8 Get:360 http://deb.debian.org/debian bookworm/main arm64 node-has-unicode all 2.0.1-5 [3992 B]
#6 137.0 Get:361 http://deb.debian.org/debian bookworm/main arm64 node-wide-align all 1.1.3-4 [4244 B]
#6 137.3 Get:362 http://deb.debian.org/debian bookworm/main arm64 node-gauge all 4.0.4-1 [19.6 kB]
#6 137.5 Get:363 http://deb.debian.org/debian bookworm/main arm64 node-pump all 3.0.0-5 [5136 B]
#6 137.8 Get:364 http://deb.debian.org/debian bookworm/main arm64 node-get-stream all 6.0.1-1 [7208 B]
#6 138.0 Get:365 http://deb.debian.org/debian bookworm/main arm64 node-lowercase-keys all 2.0.0-2 [3768 B]
#6 138.2 Get:366 http://deb.debian.org/debian bookworm/main arm64 node-json-buffer all 3.0.1+~3.0.0-1 [4536 B]
#6 138.5 Get:367 http://deb.debian.org/debian bookworm/main arm64 node-p-cancelable all 2.1.1-1 [7272 B]
#6 138.8 Get:368 http://deb.debian.org/debian bookworm/main arm64 node-got all 11.8.5+~cs58.13.36-3 [121 kB]
#6 139.1 Get:369 http://deb.debian.org/debian bookworm/main arm64 node-https-proxy-agent all 5.0.1+~cs8.0.0-3 [16.1 kB]
#6 139.4 Get:370 http://deb.debian.org/debian bookworm/main arm64 node-set-blocking all 2.0.0-2 [4248 B]
#6 139.6 Get:371 http://deb.debian.org/debian bookworm/main arm64 node-npmlog all 7.0.1+~4.1.4-1 [11.4 kB]
#6 139.9 Get:372 http://deb.debian.org/debian bookworm/main arm64 node-osenv all 0.1.5+~0.1.1-1 [5884 B]
#6 140.2 Get:373 http://deb.debian.org/debian-security bookworm-security/main arm64 node-tar all 6.1.13+~cs7.0.5-1+deb12u1 [52.8 kB]
#6 140.5 Get:374 http://deb.debian.org/debian bookworm/main arm64 node-gyp all 9.3.0-2 [57.9 kB]
#6 140.7 Get:375 http://deb.debian.org/debian bookworm/main arm64 node-ieee754 all 1.2.1-3 [5268 B]
#6 141.0 Get:376 http://deb.debian.org/debian bookworm/main arm64 node-ini all 3.0.1-2 [6928 B]
#6 141.2 Get:377 http://deb.debian.org/debian bookworm/main arm64 node-ip all 2.0.0+~1.1.0-1 [8128 B]
#6 141.5 Get:378 http://deb.debian.org/debian bookworm/main arm64 node-ip-regex all 4.3.0+~4.1.1-1 [5188 B]
#6 141.8 Get:379 http://deb.debian.org/debian bookworm/main arm64 node-mute-stream all 0.0.8+~0.0.1-3 [6232 B]
#6 142.0 Get:380 http://deb.debian.org/debian bookworm/main arm64 node-negotiator all 0.6.3+~0.6.1-1 [10.8 kB]
#6 142.3 Get:381 http://deb.debian.org/debian bookworm/main arm64 node-read-package-json all 5.0.2+~2.0.0-1 [12.0 kB]
#6 142.5 Get:382 http://deb.debian.org/debian bookworm/main arm64 node-npm-bundled all 2.0.1-2 [6408 B]
#6 142.7 Get:383 http://deb.debian.org/debian bookworm/main arm64 node-validate-npm-package-name all 5.0.0+~4.0.0-1 [7444 B]
#6 143.0 Get:384 http://deb.debian.org/debian bookworm/main arm64 node-npm-package-arg all 10.0.0+~3.0.0-2 [11.4 kB]
#6 143.2 Get:385 http://deb.debian.org/debian bookworm/main arm64 node-retry all 0.13.1+~0.12.1-1 [11.2 kB]
#6 143.5 Get:386 http://deb.debian.org/debian bookworm/main arm64 node-promise-retry all 2.0.1-4 [5016 B]
#6 143.7 Get:387 http://deb.debian.org/debian bookworm/main arm64 node-read all 1.0.7-5 [5388 B]
#6 144.0 Get:388 http://deb.debian.org/debian bookworm/main arm64 node-promzard all 0.3.0-2 [6788 B]
#6 144.2 Get:389 http://deb.debian.org/debian bookworm/main arm64 node-text-table all 0.2.0-4 [4736 B]
#6 144.7 Get:390 http://deb.debian.org/debian bookworm/main arm64 npm all 9.2.0~ds1-1 [669 kB]
#6 145.2 Get:391 http://deb.debian.org/debian bookworm/main arm64 ripgrep arm64 13.0.0-4+b2 [1079 kB]
#6 145.3 debconf: delaying package configuration, since apt-utils is not installed
#6 145.3 Fetched 43.2 MB in 2min 21s (307 kB/s)
#6 145.3 Selecting previously unselected package libpython3.11-minimal:arm64.
#6 145.3 (Reading database ... (Reading database ... 5%(Reading database ... 10%(Reading database ... 15%(Reading database ... 20%(Reading database ... 25%(Reading database ... 30%(Reading database ... 35%(Reading database ... 40%(Reading database ... 45%(Reading database ... 50%(Reading database ... 55%(Reading database ... 60%(Reading database ... 65%(Reading database ... 70%(Reading database ... 75%(Reading database ... 80%(Reading database ... 85%(Reading database ... 90%(Reading database ... 95%(Reading database ... 100%(Reading database ... 6642 files and directories currently installed.)
#6 145.3 Preparing to unpack .../libpython3.11-minimal_3.11.2-6+deb12u9_arm64.deb ...
#6 145.3 Unpacking libpython3.11-minimal:arm64 (3.11.2-6+deb12u9) ...
#6 145.4 Selecting previously unselected package libexpat1:arm64.
#6 145.4 Preparing to unpack .../libexpat1_2.5.0-1+deb12u4_arm64.deb ...
#6 145.4 Unpacking libexpat1:arm64 (2.5.0-1+deb12u4) ...
#6 145.4 Selecting previously unselected package python3.11-minimal.
#6 145.4 Preparing to unpack .../python3.11-minimal_3.11.2-6+deb12u9_arm64.deb ...
#6 145.4 Unpacking python3.11-minimal (3.11.2-6+deb12u9) ...
#6 145.4 Setting up libpython3.11-minimal:arm64 (3.11.2-6+deb12u9) ...
#6 145.5 Setting up libexpat1:arm64 (2.5.0-1+deb12u4) ...
#6 145.5 Setting up python3.11-minimal (3.11.2-6+deb12u9) ...
#6 145.7 Selecting previously unselected package python3-minimal.
#6 145.7 (Reading database ... (Reading database ... 5%(Reading database ... 10%(Reading database ... 15%(Reading database ... 20%(Reading database ... 25%(Reading database ... 30%(Reading database ... 35%(Reading database ... 40%(Reading database ... 45%(Reading database ... 50%(Reading database ... 55%(Reading database ... 60%(Reading database ... 65%(Reading database ... 70%(Reading database ... 75%(Reading database ... 80%(Reading database ... 85%(Reading database ... 90%(Reading database ... 95%(Reading database ... 100%(Reading database ... 6958 files and directories currently installed.)
#6 145.7 Preparing to unpack .../00-python3-minimal_3.11.2-1+b1_arm64.deb ...
#6 145.7 Unpacking python3-minimal (3.11.2-1+b1) ...
#6 145.7 Selecting previously unselected package media-types.
#6 145.7 Preparing to unpack .../01-media-types_10.0.0_all.deb ...
#6 145.7 Unpacking media-types (10.0.0) ...
#6 145.7 Selecting previously unselected package libkrb5support0:arm64.
#6 145.7 Preparing to unpack .../02-libkrb5support0_1.20.1-2+deb12u5_arm64.deb ...
#6 145.7 Unpacking libkrb5support0:arm64 (1.20.1-2+deb12u5) ...
#6 145.7 Selecting previously unselected package libk5crypto3:arm64.
#6 145.7 Preparing to unpack .../03-libk5crypto3_1.20.1-2+deb12u5_arm64.deb ...
#6 145.7 Unpacking libk5crypto3:arm64 (1.20.1-2+deb12u5) ...
#6 145.8 Selecting previously unselected package libkeyutils1:arm64.
#6 145.8 Preparing to unpack .../04-libkeyutils1_1.6.3-2_arm64.deb ...
#6 145.8 Unpacking libkeyutils1:arm64 (1.6.3-2) ...
#6 145.8 Selecting previously unselected package libkrb5-3:arm64.
#6 145.8 Preparing to unpack .../05-libkrb5-3_1.20.1-2+deb12u5_arm64.deb ...
#6 145.8 Unpacking libkrb5-3:arm64 (1.20.1-2+deb12u5) ...
#6 145.8 Selecting previously unselected package libgssapi-krb5-2:arm64.
#6 145.8 Preparing to unpack .../06-libgssapi-krb5-2_1.20.1-2+deb12u5_arm64.deb ...
#6 145.8 Unpacking libgssapi-krb5-2:arm64 (1.20.1-2+deb12u5) ...
#6 145.8 Selecting previously unselected package libtirpc-common.
#6 145.8 Preparing to unpack .../07-libtirpc-common_1.3.3+ds-1_all.deb ...
#6 145.8 Unpacking libtirpc-common (1.3.3+ds-1) ...
#6 145.8 Selecting previously unselected package libtirpc3:arm64.
#6 145.8 Preparing to unpack .../08-libtirpc3_1.3.3+ds-1_arm64.deb ...
#6 145.8 Unpacking libtirpc3:arm64 (1.3.3+ds-1) ...
#6 145.8 Selecting previously unselected package libnsl2:arm64.
#6 145.8 Preparing to unpack .../09-libnsl2_1.3.0-2_arm64.deb ...
#6 145.8 Unpacking libnsl2:arm64 (1.3.0-2) ...
#6 145.8 Selecting previously unselected package libpython3.11-stdlib:arm64.
#6 145.8 Preparing to unpack .../10-libpython3.11-stdlib_3.11.2-6+deb12u9_arm64.deb ...
#6 145.8 Unpacking libpython3.11-stdlib:arm64 (3.11.2-6+deb12u9) ...
#6 145.9 Selecting previously unselected package python3.11.
#6 145.9 Preparing to unpack .../11-python3.11_3.11.2-6+deb12u9_arm64.deb ...
#6 145.9 Unpacking python3.11 (3.11.2-6+deb12u9) ...
#6 145.9 Selecting previously unselected package libpython3-stdlib:arm64.
#6 145.9 Preparing to unpack .../12-libpython3-stdlib_3.11.2-1+b1_arm64.deb ...
#6 145.9 Unpacking libpython3-stdlib:arm64 (3.11.2-1+b1) ...
#6 145.9 Setting up python3-minimal (3.11.2-1+b1) ...
#6 146.0 Selecting previously unselected package python3.
#6 146.0 (Reading database ... (Reading database ... 5%(Reading database ... 10%(Reading database ... 15%(Reading database ... 20%(Reading database ... 25%(Reading database ... 30%(Reading database ... 35%(Reading database ... 40%(Reading database ... 45%(Reading database ... 50%(Reading database ... 55%(Reading database ... 60%(Reading database ... 65%(Reading database ... 70%(Reading database ... 75%(Reading database ... 80%(Reading database ... 85%(Reading database ... 90%(Reading database ... 95%(Reading database ... 100%(Reading database ... 7424 files and directories currently installed.)
#6 146.0 Preparing to unpack .../000-python3_3.11.2-1+b1_arm64.deb ...
#6 146.0 Unpacking python3 (3.11.2-1+b1) ...
#6 146.0 Selecting previously unselected package libproc2-0:arm64.
#6 146.0 Preparing to unpack .../001-libproc2-0_2%3a4.0.2-3_arm64.deb ...
#6 146.0 Unpacking libproc2-0:arm64 (2:4.0.2-3) ...
#6 146.0 Selecting previously unselected package procps.
#6 146.0 Preparing to unpack .../002-procps_2%3a4.0.2-3_arm64.deb ...
#6 146.0 Unpacking procps (2:4.0.2-3) ...
#6 146.1 Selecting previously unselected package libbrotli1:arm64.
#6 146.1 Preparing to unpack .../003-libbrotli1_1.0.9-2+b6_arm64.deb ...
#6 146.1 Unpacking libbrotli1:arm64 (1.0.9-2+b6) ...
#6 146.1 Selecting previously unselected package libsasl2-modules-db:arm64.
#6 146.1 Preparing to unpack .../004-libsasl2-modules-db_2.1.28+dfsg-10_arm64.deb ...
#6 146.1 Unpacking libsasl2-modules-db:arm64 (2.1.28+dfsg-10) ...
#6 146.1 Selecting previously unselected package libsasl2-2:arm64.
#6 146.1 Preparing to unpack .../005-libsasl2-2_2.1.28+dfsg-10_arm64.deb ...
#6 146.1 Unpacking libsasl2-2:arm64 (2.1.28+dfsg-10) ...
#6 146.1 Selecting previously unselected package libldap-2.5-0:arm64.
#6 146.1 Preparing to unpack .../006-libldap-2.5-0_2.5.13+dfsg-5_arm64.deb ...
#6 146.1 Unpacking libldap-2.5-0:arm64 (2.5.13+dfsg-5) ...
#6 146.1 Selecting previously unselected package libnghttp2-14:arm64.
#6 146.1 Preparing to unpack .../007-libnghttp2-14_1.52.0-1+deb12u3_arm64.deb ...
#6 146.1 Unpacking libnghttp2-14:arm64 (1.52.0-1+deb12u3) ...
#6 146.2 Selecting previously unselected package libpsl5:arm64.
#6 146.2 Preparing to unpack .../008-libpsl5_0.21.2-1_arm64.deb ...
#6 146.2 Unpacking libpsl5:arm64 (0.21.2-1) ...
#6 146.2 Selecting previously unselected package librtmp1:arm64.
#6 146.2 Preparing to unpack .../009-librtmp1_2.4+20151223.gitfa8646d.1-2+b2_arm64.deb ...
#6 146.2 Unpacking librtmp1:arm64 (2.4+20151223.gitfa8646d.1-2+b2) ...
#6 146.2 Selecting previously unselected package libssh2-1:arm64.
#6 146.2 Preparing to unpack .../010-libssh2-1_1.10.0-3+deb12u1_arm64.deb ...
#6 146.2 Unpacking libssh2-1:arm64 (1.10.0-3+deb12u1) ...
#6 146.2 Selecting previously unselected package libcurl4:arm64.
#6 146.2 Preparing to unpack .../011-libcurl4_7.88.1-10+deb12u15_arm64.deb ...
#6 146.2 Unpacking libcurl4:arm64 (7.88.1-10+deb12u15) ...
#6 146.2 Selecting previously unselected package curl.
#6 146.2 Preparing to unpack .../012-curl_7.88.1-10+deb12u15_arm64.deb ...
#6 146.2 Unpacking curl (7.88.1-10+deb12u15) ...
#6 146.3 Selecting previously unselected package node-fast-deep-equal.
#6 146.3 Preparing to unpack .../013-node-fast-deep-equal_3.1.3-3_all.deb ...
#6 146.3 Unpacking node-fast-deep-equal (3.1.3-3) ...
#6 146.3 Selecting previously unselected package node-json-schema-traverse.
#6 146.3 Preparing to unpack .../014-node-json-schema-traverse_1.0.0-3_all.deb ...
#6 146.3 Unpacking node-json-schema-traverse (1.0.0-3) ...
#6 146.3 Selecting previously unselected package node-jsonify.
#6 146.3 Preparing to unpack .../015-node-jsonify_0.0.1-1_all.deb ...
#6 146.3 Unpacking node-jsonify (0.0.1-1) ...
#6 146.3 Selecting previously unselected package node-json-stable-stringify.
#6 146.3 Preparing to unpack .../016-node-json-stable-stringify_1.0.2+~cs5.2.34-1_all.deb ...
#6 146.3 Unpacking node-json-stable-stringify (1.0.2+~cs5.2.34-1) ...
#6 146.3 Selecting previously unselected package libc-ares2:arm64.
#6 146.3 Preparing to unpack .../017-libc-ares2_1.18.1-3_arm64.deb ...
#6 146.3 Unpacking libc-ares2:arm64 (1.18.1-3) ...
#6 146.3 Selecting previously unselected package libicu72:arm64.
#6 146.3 Preparing to unpack .../018-libicu72_72.1-3+deb12u1_arm64.deb ...
#6 146.3 Unpacking libicu72:arm64 (72.1-3+deb12u1) ...
#6 146.6 Selecting previously unselected package libuv1:arm64.
#6 146.6 Preparing to unpack .../019-libuv1_1.44.2-1+deb12u1_arm64.deb ...
#6 146.6 Unpacking libuv1:arm64 (1.44.2-1+deb12u1) ...
#6 146.6 Selecting previously unselected package node-xtend.
#6 146.6 Preparing to unpack .../020-node-xtend_4.0.2-3_all.deb ...
#6 146.6 Unpacking node-xtend (4.0.2-3) ...
#6 146.6 Selecting previously unselected package node-acorn.
#6 146.6 Preparing to unpack .../021-node-acorn_8.8.1+ds+~cs25.17.7-2_all.deb ...
#6 146.6 Unpacking node-acorn (8.8.1+ds+~cs25.17.7-2) ...
#6 146.6 Selecting previously unselected package node-cjs-module-lexer.
#6 146.6 Preparing to unpack .../022-node-cjs-module-lexer_1.2.2+dfsg-5_all.deb ...
#6 146.6 Unpacking node-cjs-module-lexer (1.2.2+dfsg-5) ...
#6 146.6 Selecting previously unselected package node-busboy.
#6 146.6 Preparing to unpack .../023-node-busboy_1.6.0+~cs2.6.0-2_all.deb ...
#6 146.6 Unpacking node-busboy (1.6.0+~cs2.6.0-2) ...
#6 146.7 Selecting previously unselected package node-undici.
#6 146.7 Preparing to unpack .../024-node-undici_5.15.0+dfsg1+~cs20.10.9.3-1+deb12u4_all.deb ...
#6 146.7 Unpacking node-undici (5.15.0+dfsg1+~cs20.10.9.3-1+deb12u4) ...
#6 146.7 Selecting previously unselected package libnode108:arm64.
#6 146.7 Preparing to unpack .../025-libnode108_18.20.4+dfsg-1~deb12u3_arm64.deb ...
#6 146.7 Unpacking libnode108:arm64 (18.20.4+dfsg-1~deb12u3) ...
#6 146.9 Selecting previously unselected package nodejs.
#6 146.9 Preparing to unpack .../026-nodejs_18.20.4+dfsg-1~deb12u3_arm64.deb ...
#6 146.9 Unpacking nodejs (18.20.4+dfsg-1~deb12u3) ...
#6 147.0 Selecting previously unselected package node-punycode.
#6 147.0 Preparing to unpack .../027-node-punycode_2.1.1-6_all.deb ...
#6 147.0 Unpacking node-punycode (2.1.1-6) ...
#6 147.0 Selecting previously unselected package node-uri-js.
#6 147.0 Preparing to unpack .../028-node-uri-js_4.4.0+dfsg-8_all.deb ...
#6 147.0 Unpacking node-uri-js (4.4.0+dfsg-8) ...
#6 147.0 Selecting previously unselected package node-ajv.
#6 147.0 Preparing to unpack .../029-node-ajv_6.12.6-3_all.deb ...
#6 147.0 Unpacking node-ajv (6.12.6-3) ...
#6 147.0 Selecting previously unselected package libjs-inherits.
#6 147.0 Preparing to unpack .../030-libjs-inherits_2.0.4-6_all.deb ...
#6 147.0 Unpacking libjs-inherits (2.0.4-6) ...
#6 147.0 Selecting previously unselected package node-inherits.
#6 147.0 Preparing to unpack .../031-node-inherits_2.0.4-6_all.deb ...
#6 147.0 Unpacking node-inherits (2.0.4-6) ...
#6 147.0 Selecting previously unselected package node-core-util-is.
#6 147.0 Preparing to unpack .../032-node-core-util-is_1.0.3-1_all.deb ...
#6 147.0 Unpacking node-core-util-is (1.0.3-1) ...
#6 147.0 Selecting previously unselected package node-safe-buffer.
#6 147.0 Preparing to unpack .../033-node-safe-buffer_5.2.1+~cs2.1.2-3_all.deb ...
#6 147.0 Unpacking node-safe-buffer (5.2.1+~cs2.1.2-3) ...
#6 147.1 Selecting previously unselected package node-string-decoder.
#6 147.1 Preparing to unpack .../034-node-string-decoder_1.3.0-6_all.deb ...
#6 147.1 Unpacking node-string-decoder (1.3.0-6) ...
#6 147.1 Selecting previously unselected package node-process-nextick-args.
#6 147.1 Preparing to unpack .../035-node-process-nextick-args_2.0.1-3_all.deb ...
#6 147.1 Unpacking node-process-nextick-args (2.0.1-3) ...
#6 147.1 Selecting previously unselected package node-util-deprecate.
#6 147.1 Preparing to unpack .../036-node-util-deprecate_1.0.2-3_all.deb ...
#6 147.1 Unpacking node-util-deprecate (1.0.2-3) ...
#6 147.1 Selecting previously unselected package node-isarray.
#6 147.1 Preparing to unpack .../037-node-isarray_2.0.5-4_all.deb ...
#6 147.1 Unpacking node-isarray (2.0.5-4) ...
#6 147.1 Selecting previously unselected package node-readable-stream.
#6 147.1 Preparing to unpack .../038-node-readable-stream_3.6.0+~cs3.0.0-4_all.deb ...
#6 147.1 Unpacking node-readable-stream (3.6.0+~cs3.0.0-4) ...
#6 147.1 Selecting previously unselected package node-typedarray.
#6 147.1 Preparing to unpack .../039-node-typedarray_0.0.7-1_all.deb ...
#6 147.1 Unpacking node-typedarray (0.0.7-1) ...
#6 147.1 Selecting previously unselected package node-concat-stream.
#6 147.1 Preparing to unpack .../040-node-concat-stream_2.0.0+~2.0.0-2_all.deb ...
#6 147.1 Unpacking node-concat-stream (2.0.0+~2.0.0-2) ...
#6 147.1 Selecting previously unselected package node-ms.
#6 147.1 Preparing to unpack .../041-node-ms_2.1.3+~cs0.7.31-3_all.deb ...
#6 147.1 Unpacking node-ms (2.1.3+~cs0.7.31-3) ...
#6 147.1 Selecting previously unselected package node-debug.
#6 147.1 Preparing to unpack .../042-node-debug_4.3.4+~cs4.1.7-1_all.deb ...
#6 147.1 Unpacking node-debug (4.3.4+~cs4.1.7-1) ...
#6 147.1 Selecting previously unselected package node-esutils.
#6 147.1 Preparing to unpack .../043-node-esutils_2.0.3+~2.0.0-1_all.deb ...
#6 147.1 Unpacking node-esutils (2.0.3+~2.0.0-1) ...
#6 147.2 Selecting previously unselected package node-doctrine.
#6 147.2 Preparing to unpack .../044-node-doctrine_3.0.0-4_all.deb ...
#6 147.2 Unpacking node-doctrine (3.0.0-4) ...
#6 147.2 Selecting previously unselected package node-eslint-visitor-keys.
#6 147.2 Preparing to unpack .../045-node-eslint-visitor-keys_3.3.0+~1.0.0-1_all.deb ...
#6 147.2 Unpacking node-eslint-visitor-keys (3.3.0+~1.0.0-1) ...
#6 147.2 Selecting previously unselected package node-estraverse.
#6 147.2 Preparing to unpack .../046-node-estraverse_5.3.0+ds+~5.1.1-1_all.deb ...
#6 147.2 Unpacking node-estraverse (5.3.0+ds+~5.1.1-1) ...
#6 147.2 Selecting previously unselected package node-object-assign.
#6 147.2 Preparing to unpack .../047-node-object-assign_4.1.1-7_all.deb ...
#6 147.2 Unpacking node-object-assign (4.1.1-7) ...
#6 147.2 Selecting previously unselected package node-esrecurse.
#6 147.2 Preparing to unpack .../048-node-esrecurse_4.3.0-2_all.deb ...
#6 147.2 Unpacking node-esrecurse (4.3.0-2) ...
#6 147.2 Selecting previously unselected package node-eslint-scope.
#6 147.2 Preparing to unpack .../049-node-eslint-scope_7.1.1+~3.7.4-1_all.deb ...
#6 147.2 Unpacking node-eslint-scope (7.1.1+~3.7.4-1) ...
#6 147.2 Selecting previously unselected package node-espree.
#6 147.2 Preparing to unpack .../050-node-espree_9.4.1~dfsg-1_all.deb ...
#6 147.2 Unpacking node-espree (9.4.1~dfsg-1) ...
#6 147.2 Selecting previously unselected package node-esquery.
#6 147.2 Preparing to unpack .../051-node-esquery_1.4.2~ds-1_all.deb ...
#6 147.2 Unpacking node-esquery (1.4.2~ds-1) ...
#6 147.2 Selecting previously unselected package node-eslint-utils.
#6 147.2 Preparing to unpack .../052-node-eslint-utils_3.0.0-3_all.deb ...
#6 147.2 Unpacking node-eslint-utils (3.0.0-3) ...
#6 147.3 Selecting previously unselected package node-flatted.
#6 147.3 Preparing to unpack .../053-node-flatted_3.2.7~ds-1+deb12u1_all.deb ...
#6 147.3 Unpacking node-flatted (3.2.7~ds-1+deb12u1) ...
#6 147.3 Selecting previously unselected package node-fs.realpath.
#6 147.3 Preparing to unpack .../054-node-fs.realpath_1.0.0-3_all.deb ...
#6 147.3 Unpacking node-fs.realpath (1.0.0-3) ...
#6 147.3 Selecting previously unselected package node-wrappy.
#6 147.3 Preparing to unpack .../055-node-wrappy_1.0.2-3_all.deb ...
#6 147.3 Unpacking node-wrappy (1.0.2-3) ...
#6 147.3 Selecting previously unselected package node-once.
#6 147.3 Preparing to unpack .../056-node-once_1.4.0-7_all.deb ...
#6 147.3 Unpacking node-once (1.4.0-7) ...
#6 147.3 Selecting previously unselected package node-inflight.
#6 147.3 Preparing to unpack .../057-node-inflight_1.0.6-2_all.deb ...
#6 147.3 Unpacking node-inflight (1.0.6-2) ...
#6 147.3 Selecting previously unselected package node-balanced-match.
#6 147.3 Preparing to unpack .../058-node-balanced-match_2.0.0-1_all.deb ...
#6 147.3 Unpacking node-balanced-match (2.0.0-1) ...
#6 147.3 Selecting previously unselected package node-brace-expansion.
#6 147.3 Preparing to unpack .../059-node-brace-expansion_2.0.1-2_all.deb ...
#6 147.3 Unpacking node-brace-expansion (2.0.1-2) ...
#6 147.3 Selecting previously unselected package node-minimatch.
#6 147.3 Preparing to unpack .../060-node-minimatch_5.1.1+~5.1.2-1_all.deb ...
#6 147.3 Unpacking node-minimatch (5.1.1+~5.1.2-1) ...
#6 147.3 Selecting previously unselected package node-glob.
#6 147.3 Preparing to unpack .../061-node-glob_8.0.3+~cs8.4.15-1_all.deb ...
#6 147.3 Unpacking node-glob (8.0.3+~cs8.4.15-1) ...
#6 147.3 Selecting previously unselected package node-rimraf.
#6 147.3 Preparing to unpack .../062-node-rimraf_3.0.2-2_all.deb ...
#6 147.3 Unpacking node-rimraf (3.0.2-2) ...
#6 147.4 Selecting previously unselected package node-write.
#6 147.4 Preparing to unpack .../063-node-write_2.0.0~6.0.0+~3.0.4+~2.0.0+~1.0.0+~2.0.1-5_all.deb ...
#6 147.4 Unpacking node-write (2.0.0~6.0.0+~3.0.4+~2.0.0+~1.0.0+~2.0.1-5) ...
#6 147.4 Selecting previously unselected package node-flat-cache.
#6 147.4 Preparing to unpack .../064-node-flat-cache_3.0.4~6.0.0+~3.0.4+~2.0.0+~1.0.0+~2.0.1-5_all.deb ...
#6 147.4 Unpacking node-flat-cache (3.0.4~6.0.0+~3.0.4+~2.0.0+~1.0.0+~2.0.1-5) ...
#6 147.4 Selecting previously unselected package node-file-entry-cache.
#6 147.4 Preparing to unpack .../065-node-file-entry-cache_6.0.0+~3.0.4+~2.0.0+~1.0.0+~2.0.1-5_all.deb ...
#6 147.4 Unpacking node-file-entry-cache (6.0.0+~3.0.4+~2.0.0+~1.0.0+~2.0.1-5) ...
#6 147.4 Selecting previously unselected package node-functional-red-black-tree.
#6 147.4 Preparing to unpack .../066-node-functional-red-black-tree_1.0.1+20181105-7_all.deb ...
#6 147.4 Unpacking node-functional-red-black-tree (1.0.1+20181105-7) ...
#6 147.4 Selecting previously unselected package node-is-extglob.
#6 147.4 Preparing to unpack .../067-node-is-extglob_2.1.1-5_all.deb ...
#6 147.4 Unpacking node-is-extglob (2.1.1-5) ...
#6 147.4 Selecting previously unselected package node-is-glob.
#6 147.4 Preparing to unpack .../068-node-is-glob_4.0.3-2_all.deb ...
#6 147.4 Unpacking node-is-glob (4.0.3-2) ...
#6 147.4 Selecting previously unselected package node-path-dirname.
#6 147.4 Preparing to unpack .../069-node-path-dirname_1.0.2-2_all.deb ...
#6 147.4 Unpacking node-path-dirname (1.0.2-2) ...
#6 147.4 Selecting previously unselected package node-glob-parent.
#6 147.4 Preparing to unpack .../070-node-glob-parent_6.0.2+~5.1.1-2_all.deb ...
#6 147.4 Unpacking node-glob-parent (6.0.2+~5.1.1-2) ...
#6 147.4 Selecting previously unselected package node-globals.
#6 147.4 Preparing to unpack .../071-node-globals_13.18.0-1_all.deb ...
#6 147.4 Unpacking node-globals (13.18.0-1) ...
#6 147.5 Selecting previously unselected package node-resolve-from.
#6 147.5 Preparing to unpack .../072-node-resolve-from_5.0.0+~3.1.0+~3.3.0+~2.0.0-1_all.deb ...
#6 147.5 Unpacking node-resolve-from (5.0.0+~3.1.0+~3.3.0+~2.0.0-1) ...
#6 147.5 Selecting previously unselected package node-imurmurhash.
#6 147.5 Preparing to unpack .../073-node-imurmurhash_0.1.4+dfsg+~0.1.1-2_all.deb ...
#6 147.5 Unpacking node-imurmurhash (0.1.4+dfsg+~0.1.1-2) ...
#6 147.5 Selecting previously unselected package node-ignore.
#6 147.5 Preparing to unpack .../074-node-ignore_5.2.1-1_all.deb ...
#6 147.5 Unpacking node-ignore (5.2.1-1) ...
#6 147.5 Selecting previously unselected package node-prelude-ls.
#6 147.5 Preparing to unpack .../075-node-prelude-ls_1.2.1+dfsg-3_all.deb ...
#6 147.5 Unpacking node-prelude-ls (1.2.1+dfsg-3) ...
#6 147.5 Selecting previously unselected package node-type-check.
#6 147.5 Preparing to unpack .../076-node-type-check_0.4.0+dfsg-3_all.deb ...
#6 147.5 Unpacking node-type-check (0.4.0+dfsg-3) ...
#6 147.5 Selecting previously unselected package node-levn.
#6 147.5 Preparing to unpack .../077-node-levn_0.4.1+dfsg-2_all.deb ...
#6 147.5 Unpacking node-levn (0.4.1+dfsg-2) ...
#6 147.5 Selecting previously unselected package node-lodash.
#6 147.5 Preparing to unpack .../078-node-lodash_4.17.21+dfsg+~cs8.31.198.20210220-9+deb12u1_all.deb ...
#6 147.5 Unpacking node-lodash (4.17.21+dfsg+~cs8.31.198.20210220-9+deb12u1) ...
#6 147.6 Selecting previously unselected package node-memfs.
#6 147.6 Preparing to unpack .../079-node-memfs_3.4.12+~cs1.0.3-1_all.deb ...
#6 147.6 Unpacking node-memfs (3.4.12+~cs1.0.3-1) ...
#6 147.6 Selecting previously unselected package node-mkdirp.
#6 147.6 Preparing to unpack .../080-node-mkdirp_1.0.4+~1.0.2-4_all.deb ...
#6 147.6 Unpacking node-mkdirp (1.0.4+~1.0.2-4) ...
#6 147.6 Selecting previously unselected package node-deep-is.
#6 147.6 Preparing to unpack .../081-node-deep-is_0.1.4-1_all.deb ...
#6 147.6 Unpacking node-deep-is (0.1.4-1) ...
#6 147.6 Selecting previously unselected package node-fast-levenshtein.
#6 147.6 Preparing to unpack .../082-node-fast-levenshtein_2.0.6+ds-3_all.deb ...
#6 147.6 Unpacking node-fast-levenshtein (2.0.6+ds-3) ...
#6 147.7 Selecting previously unselected package node-optionator.
#6 147.7 Preparing to unpack .../083-node-optionator_0.9.1+dfsg+~cs1.2.3-1_all.deb ...
#6 147.7 Unpacking node-optionator (0.9.1+dfsg+~cs1.2.3-1) ...
#6 147.7 Selecting previously unselected package node-progress.
#6 147.7 Preparing to unpack .../084-node-progress_2.0.3-2_all.deb ...
#6 147.7 Unpacking node-progress (2.0.3-2) ...
#6 147.7 Selecting previously unselected package libjs-regenerate.
#6 147.7 Preparing to unpack .../085-libjs-regenerate_1.4.2-3_all.deb ...
#6 147.7 Unpacking libjs-regenerate (1.4.2-3) ...
#6 147.7 Selecting previously unselected package node-regenerate.
#6 147.7 Preparing to unpack .../086-node-regenerate_1.4.2-3_all.deb ...
#6 147.7 Unpacking node-regenerate (1.4.2-3) ...
#6 147.7 Selecting previously unselected package node-regenerate-unicode-properties.
#6 147.7 Preparing to unpack .../087-node-regenerate-unicode-properties_10.1.0+ds-1_all.deb ...
#6 147.7 Unpacking node-regenerate-unicode-properties (10.1.0+ds-1) ...
#6 147.7 Selecting previously unselected package node-regexpp.
#6 147.7 Preparing to unpack .../088-node-regexpp_3.2.0-4+deb12u1_all.deb ...
#6 147.7 Unpacking node-regexpp (3.2.0-4+deb12u1) ...
#6 147.7 Selecting previously unselected package node-yallist.
#6 147.7 Preparing to unpack .../089-node-yallist_4.0.0+~4.0.1-1_all.deb ...
#6 147.7 Unpacking node-yallist (4.0.0+~4.0.1-1) ...
#6 147.8 Selecting previously unselected package node-lru-cache.
#6 147.8 Preparing to unpack .../090-node-lru-cache_7.14.1-1_all.deb ...
#6 147.8 Unpacking node-lru-cache (7.14.1-1) ...
#6 147.8 Selecting previously unselected package node-semver.
#6 147.8 Preparing to unpack .../091-node-semver_7.3.5+~7.3.9-2_all.deb ...
#6 147.8 Unpacking node-semver (7.3.5+~7.3.9-2) ...
#6 147.8 Selecting previously unselected package node-strip-json-comments.
#6 147.8 Preparing to unpack .../092-node-strip-json-comments_4.0.0-4_all.deb ...
#6 147.8 Unpacking node-strip-json-comments (4.0.0-4) ...
#6 147.8 Selecting previously unselected package node-json-schema.
#6 147.8 Preparing to unpack .../093-node-json-schema_0.4.0+~7.0.11-1_all.deb ...
#6 147.8 Unpacking node-json-schema (0.4.0+~7.0.11-1) ...
#6 147.8 Selecting previously unselected package node-v8-compile-cache.
#6 147.8 Preparing to unpack .../094-node-v8-compile-cache_2.3.0-3+deb12u1_all.deb ...
#6 147.8 Unpacking node-v8-compile-cache (2.3.0-3+deb12u1) ...
#6 147.8 Selecting previously unselected package eslint.
#6 147.8 Preparing to unpack .../095-eslint_6.4.0~dfsg+~6.1.9-7_all.deb ...
#6 147.8 Unpacking eslint (6.4.0~dfsg+~6.1.9-7) ...
#6 147.8 Selecting previously unselected package python3-pkg-resources.
#6 147.8 Preparing to unpack .../096-python3-pkg-resources_66.1.1-1+deb12u2_all.deb ...
#6 147.8 Unpacking python3-pkg-resources (66.1.1-1+deb12u2) ...
#6 147.9 Selecting previously unselected package python3-six.
#6 147.9 Preparing to unpack .../097-python3-six_1.16.0-4_all.deb ...
#6 147.9 Unpacking python3-six (1.16.0-4) ...
#6 147.9 Selecting previously unselected package gyp.
#6 147.9 Preparing to unpack .../098-gyp_0.1+20220404git9ecf45e-2_all.deb ...
#6 147.9 Unpacking gyp (0.1+20220404git9ecf45e-2) ...
#6 147.9 Selecting previously unselected package node-neo-async.
#6 147.9 Preparing to unpack .../099-node-neo-async_2.6.2+~cs3.0.0-2_all.deb ...
#6 147.9 Unpacking node-neo-async (2.6.2+~cs3.0.0-2) ...
#6 147.9 Selecting previously unselected package node-arrify.
#6 147.9 Preparing to unpack .../100-node-arrify_2.0.1-3_all.deb ...
#6 147.9 Unpacking node-arrify (2.0.1-3) ...
#6 147.9 Selecting previously unselected package node-is-plain-obj.
#6 147.9 Preparing to unpack .../101-node-is-plain-obj_3.0.0-2_all.deb ...
#6 147.9 Unpacking node-is-plain-obj (3.0.0-2) ...
#6 147.9 Selecting previously unselected package node-is-buffer.
#6 147.9 Preparing to unpack .../102-node-is-buffer_2.0.5-2_all.deb ...
#6 147.9 Unpacking node-is-buffer (2.0.5-2) ...
#6 147.9 Selecting previously unselected package node-kind-of.
#6 147.9 Preparing to unpack .../103-node-kind-of_6.0.3+dfsg-2_all.deb ...
#6 147.9 Unpacking node-kind-of (6.0.3+dfsg-2) ...
#6 148.0 Selecting previously unselected package node-minimist.
#6 148.0 Preparing to unpack .../104-node-minimist_1.2.7+~cs5.3.2-2_all.deb ...
#6 148.0 Unpacking node-minimist (1.2.7+~cs5.3.2-2) ...
#6 148.0 Selecting previously unselected package node-wordwrap.
#6 148.0 Preparing to unpack .../105-node-wordwrap_1.0.0-4_all.deb ...
#6 148.0 Unpacking node-wordwrap (1.0.0-4) ...
#6 148.0 Selecting previously unselected package node-optimist.
#6 148.0 Preparing to unpack .../106-node-optimist_0.6.1+~0.0.30-2_all.deb ...
#6 148.0 Unpacking node-optimist (0.6.1+~0.0.30-2) ...
#6 148.0 Selecting previously unselected package libjs-source-map.
#6 148.0 Preparing to unpack .../107-libjs-source-map_0.7.0++dfsg2+really.0.6.1-15_all.deb ...
#6 148.0 Unpacking libjs-source-map (0.7.0++dfsg2+really.0.6.1-15) ...
#6 148.0 Selecting previously unselected package node-source-map.
#6 148.0 Preparing to unpack .../108-node-source-map_0.7.0++dfsg2+really.0.6.1-15_all.deb ...
#6 148.0 Unpacking node-source-map (0.7.0++dfsg2+really.0.6.1-15) ...
#6 148.0 Selecting previously unselected package handlebars.
#6 148.0 Preparing to unpack .../109-handlebars_3%3a4.7.7+~4.1.0-1_all.deb ...
#6 148.0 Unpacking handlebars (3:4.7.7+~4.1.0-1) ...
#6 148.0 Selecting previously unselected package libjs-async.
#6 148.0 Preparing to unpack .../110-libjs-async_0.8.0-6_all.deb ...
#6 148.0 Unpacking libjs-async (0.8.0-6) ...
#6 148.0 Selecting previously unselected package libjs-events.
#6 148.0 Preparing to unpack .../111-libjs-events_3.3.0+~3.0.0-3_all.deb ...
#6 148.0 Unpacking libjs-events (3.3.0+~3.0.0-3) ...
#6 148.1 Selecting previously unselected package libjs-is-typedarray.
#6 148.1 Preparing to unpack .../112-libjs-is-typedarray_1.0.0-4_all.deb ...
#6 148.1 Unpacking libjs-is-typedarray (1.0.0-4) ...
#6 148.1 Selecting previously unselected package libjs-prettify.
#6 148.1 Preparing to unpack .../113-libjs-prettify_2015.12.04+dfsg-1.1_all.deb ...
#6 148.1 Unpacking libjs-prettify (2015.12.04+dfsg-1.1) ...
#6 148.1 Selecting previously unselected package libjs-sprintf-js.
#6 148.1 Preparing to unpack .../114-libjs-sprintf-js_1.1.2+ds1+~1.1.2-1_all.deb ...
#6 148.1 Unpacking libjs-sprintf-js (1.1.2+ds1+~1.1.2-1) ...
#6 148.1 Selecting previously unselected package libjs-typedarray-to-buffer.
#6 148.1 Preparing to unpack .../115-libjs-typedarray-to-buffer_4.0.0-2_all.deb ...
#6 148.1 Unpacking libjs-typedarray-to-buffer (4.0.0-2) ...
#6 148.1 Selecting previously unselected package node-lodash-packages.
#6 148.1 Preparing to unpack .../116-node-lodash-packages_4.17.21+dfsg+~cs8.31.198.20210220-9+deb12u1_all.deb ...
#6 148.1 Unpacking node-lodash-packages (4.17.21+dfsg+~cs8.31.198.20210220-9+deb12u1) ...
#6 148.2 Selecting previously unselected package node-function-bind.
#6 148.2 Preparing to unpack .../117-node-function-bind_1.1.1+repacked+~1.0.3-2_all.deb ...
#6 148.2 Unpacking node-function-bind (1.1.1+repacked+~1.0.3-2) ...
#6 148.2 Selecting previously unselected package node-object-inspect.
#6 148.2 Preparing to unpack .../118-node-object-inspect_1.12.2+~cs1.8.1-1_all.deb ...
#6 148.2 Unpacking node-object-inspect (1.12.2+~cs1.8.1-1) ...
#6 148.2 Selecting previously unselected package node-es-abstract.
#6 148.2 Preparing to unpack .../119-node-es-abstract_1.20.4+~cs26.27.47-1_all.deb ...
#6 148.2 Unpacking node-es-abstract (1.20.4+~cs26.27.47-1) ...
#6 148.3 Selecting previously unselected package node-resolve.
#6 148.3 Preparing to unpack .../120-node-resolve_1.22.1+~cs5.31.10-1_all.deb ...
#6 148.3 Unpacking node-resolve (1.22.1+~cs5.31.10-1) ...
#6 148.3 Selecting previously unselected package node-define-properties.
#6 148.3 Preparing to unpack .../121-node-define-properties_1.1.4+~1.1.3-1_all.deb ...
#6 148.3 Unpacking node-define-properties (1.1.4+~1.1.3-1) ...
#6 148.3 Selecting previously unselected package node-debbundle-es-to-primitive.
#6 148.3 Preparing to unpack .../122-node-debbundle-es-to-primitive_1.2.1+~cs9.7.25-2_all.deb ...
#6 148.3 Unpacking node-debbundle-es-to-primitive (1.2.1+~cs9.7.25-2) ...
#6 148.3 Selecting previously unselected package node-defined.
#6 148.3 Preparing to unpack .../123-node-defined_1.0.1+~1.0.0-1_all.deb ...
#6 148.3 Unpacking node-defined (1.0.1+~1.0.0-1) ...
#6 148.3 Selecting previously unselected package node-abbrev.
#6 148.3 Preparing to unpack .../124-node-abbrev_1.1.1+~1.1.2-1_all.deb ...
#6 148.3 Unpacking node-abbrev (1.1.1+~1.1.2-1) ...
#6 148.4 Selecting previously unselected package node-archy.
#6 148.4 Preparing to unpack .../125-node-archy_1.0.0-6_all.deb ...
#6 148.4 Unpacking node-archy (1.0.0-6) ...
#6 148.4 Selecting previously unselected package node-async.
#6 148.4 Preparing to unpack .../126-node-async_0.8.0-6_all.deb ...
#6 148.4 Unpacking node-async (0.8.0-6) ...
#6 148.4 Selecting previously unselected package node-convert-source-map.
#6 148.4 Preparing to unpack .../127-node-convert-source-map_1.9.0+~1.5.2-1_all.deb ...
#6 148.4 Unpacking node-convert-source-map (1.9.0+~1.5.2-1) ...
#6 148.4 Selecting previously unselected package node-decamelize.
#6 148.4 Preparing to unpack .../128-node-decamelize_4.0.0-2_all.deb ...
#6 148.4 Unpacking node-decamelize (4.0.0-2) ...
#6 148.4 Selecting previously unselected package node-es6-error.
#6 148.4 Preparing to unpack .../129-node-es6-error_4.1.1-5_all.deb ...
#6 148.4 Unpacking node-es6-error (4.1.1-5) ...
#6 148.4 Selecting previously unselected package node-esprima.
#6 148.4 Preparing to unpack .../130-node-esprima_4.0.1+ds+~4.0.3-2_all.deb ...
#6 148.4 Unpacking node-esprima (4.0.1+ds+~4.0.3-2) ...
#6 148.4 Selecting previously unselected package node-escodegen.
#6 148.4 Preparing to unpack .../131-node-escodegen_2.0.0+dfsg+~0.0.7-2_all.deb ...
#6 148.4 Unpacking node-escodegen (2.0.0+dfsg+~0.0.7-2) ...
#6 148.4 Selecting previously unselected package node-commondir.
#6 148.4 Preparing to unpack .../132-node-commondir_1.0.1+~1.0.0-1_all.deb ...
#6 148.4 Unpacking node-commondir (1.0.1+~1.0.0-1) ...
#6 148.5 Selecting previously unselected package node-is-number.
#6 148.5 Preparing to unpack .../133-node-is-number_7.0.0-4_all.deb ...
#6 148.5 Unpacking node-is-number (7.0.0-4) ...
#6 148.5 Selecting previously unselected package node-repeat-string.
#6 148.5 Preparing to unpack .../134-node-repeat-string_1.6.1+repack-1_all.deb ...
#6 148.5 Unpacking node-repeat-string (1.6.1+repack-1) ...
#6 148.5 Selecting previously unselected package node-to-regex-range.
#6 148.5 Preparing to unpack .../135-node-to-regex-range_5.0.1-4_all.deb ...
#6 148.5 Unpacking node-to-regex-range (5.0.1-4) ...
#6 148.5 Selecting previously unselected package node-fill-range.
#6 148.5 Preparing to unpack .../136-node-fill-range_7.0.1+~7.0.0-1_all.deb ...
#6 148.5 Unpacking node-fill-range (7.0.1+~7.0.0-1) ...
#6 148.5 Selecting previously unselected package node-braces.
#6 148.5 Preparing to unpack .../137-node-braces_3.0.2+~3.0.1-1_all.deb ...
#6 148.5 Unpacking node-braces (3.0.2+~3.0.1-1) ...
#6 148.5 Selecting previously unselected package node-normalize-path.
#6 148.5 Preparing to unpack .../138-node-normalize-path_3.0.0+~3.0.0-1_all.deb ...
#6 148.5 Unpacking node-normalize-path (3.0.0+~3.0.0-1) ...
#6 148.5 Selecting previously unselected package node-anymatch.
#6 148.5 Preparing to unpack .../139-node-anymatch_3.1.3+~cs4.6.1-2_all.deb ...
#6 148.5 Unpacking node-anymatch (3.1.3+~cs4.6.1-2) ...
#6 148.5 Selecting previously unselected package node-micromatch.
#6 148.5 Preparing to unpack .../140-node-micromatch_4.0.5+~4.0.2-1_all.deb ...
#6 148.5 Unpacking node-micromatch (4.0.5+~4.0.2-1) ...
#6 148.5 Selecting previously unselected package node-pify.
#6 148.5 Preparing to unpack .../141-node-pify_5.0.0+~cs5.0.1-1_all.deb ...
#6 148.5 Unpacking node-pify (5.0.0+~cs5.0.1-1) ...
#6 148.6 Selecting previously unselected package node-path-type.
#6 148.6 Preparing to unpack .../142-node-path-type_4.0.0-3_all.deb ...
#6 148.6 Unpacking node-path-type (4.0.0-3) ...
#6 148.6 Selecting previously unselected package node-n3.
#6 148.6 Preparing to unpack .../143-node-n3_1.16.3+~1.2.3+~1.10.4-1_all.deb ...
#6 148.6 Unpacking node-n3 (1.16.3+~1.2.3+~1.10.4-1) ...
#6 148.6 Selecting previously unselected package node-slash.
#6 148.6 Preparing to unpack .../144-node-slash_4.0.0-3_all.deb ...
#6 148.6 Unpacking node-slash (4.0.0-3) ...
#6 148.6 Selecting previously unselected package node-globby.
#6 148.6 Preparing to unpack .../145-node-globby_13.1.3+~cs16.25.40-1+deb12u1_all.deb ...
#6 148.6 Unpacking node-globby (13.1.3+~cs16.25.40-1+deb12u1) ...
#6 148.6 Selecting previously unselected package node-graceful-fs.
#6 148.6 Preparing to unpack .../146-node-graceful-fs_4.2.10-1_all.deb ...
#6 148.6 Unpacking node-graceful-fs (4.2.10-1) ...
#6 148.6 Selecting previously unselected package node-is-path-cwd.
#6 148.6 Preparing to unpack .../147-node-is-path-cwd_2.2.0-2_all.deb ...
#6 148.6 Unpacking node-is-path-cwd (2.2.0-2) ...
#6 148.6 Selecting previously unselected package node-path-is-inside.
#6 148.6 Preparing to unpack .../148-node-path-is-inside_1.0.2+~1.0.0-1_all.deb ...
#6 148.6 Unpacking node-path-is-inside (1.0.2+~1.0.0-1) ...
#6 148.6 Selecting previously unselected package node-is-path-inside.
#6 148.6 Preparing to unpack .../149-node-is-path-inside_3.0.3-2_all.deb ...
#6 148.6 Unpacking node-is-path-inside (3.0.3-2) ...
#6 148.6 Selecting previously unselected package node-escape-string-regexp.
#6 148.6 Preparing to unpack .../150-node-escape-string-regexp_4.0.0-2_all.deb ...
#6 148.7 Unpacking node-escape-string-regexp (4.0.0-2) ...
#6 148.7 Selecting previously unselected package node-indent-string.
#6 148.7 Preparing to unpack .../151-node-indent-string_4.0.0-2_all.deb ...
#6 148.7 Unpacking node-indent-string (4.0.0-2) ...
#6 148.7 Selecting previously unselected package node-p-map.
#6 148.7 Preparing to unpack .../152-node-p-map_4.0.0+~3.1.0+~3.0.1-1_all.deb ...
#6 148.7 Unpacking node-p-map (4.0.0+~3.1.0+~3.0.1-1) ...
#6 148.7 Selecting previously unselected package node-del.
#6 148.7 Preparing to unpack .../153-node-del_7.0.0-5_all.deb ...
#6 148.7 Unpacking node-del (7.0.0-5) ...
#6 148.7 Selecting previously unselected package node-make-dir.
#6 148.7 Preparing to unpack .../154-node-make-dir_3.1.0-3_all.deb ...
#6 148.7 Unpacking node-make-dir (3.1.0-3) ...
#6 148.7 Selecting previously unselected package node-p-limit.
#6 148.7 Preparing to unpack .../155-node-p-limit_4.0.0+~cs4.0.0-5_all.deb ...
#6 148.7 Unpacking node-p-limit (4.0.0+~cs4.0.0-5) ...
#6 148.7 Selecting previously unselected package node-p-locate.
#6 148.7 Preparing to unpack .../156-node-p-locate_6.0.0-12_all.deb ...
#6 148.7 Unpacking node-p-locate (6.0.0-12) ...
#6 148.7 Selecting previously unselected package node-locate-path.
#6 148.7 Preparing to unpack .../157-node-locate-path_7.1.1-2_all.deb ...
#6 148.7 Unpacking node-locate-path (7.1.1-2) ...
#6 148.7 Selecting previously unselected package node-path-exists.
#6 148.7 Preparing to unpack .../158-node-path-exists_5.0.0-8_all.deb ...
#6 148.7 Unpacking node-path-exists (5.0.0-8) ...
#6 148.8 Selecting previously unselected package node-find-up.
#6 148.8 Preparing to unpack .../159-node-find-up_6.3.0-7_all.deb ...
#6 148.8 Unpacking node-find-up (6.3.0-7) ...
#6 148.8 Selecting previously unselected package node-pkg-dir.
#6 148.8 Preparing to unpack .../160-node-pkg-dir_5.0.0-2_all.deb ...
#6 148.8 Unpacking node-pkg-dir (5.0.0-2) ...
#6 148.8 Selecting previously unselected package node-find-cache-dir.
#6 148.8 Preparing to unpack .../161-node-find-cache-dir_3.3.2+~3.2.1-1_all.deb ...
#6 148.8 Unpacking node-find-cache-dir (3.3.2+~3.2.1-1) ...
#6 148.8 Selecting previously unselected package node-signal-exit.
#6 148.8 Preparing to unpack .../162-node-signal-exit_3.0.7+~3.0.1-1_all.deb ...
#6 148.8 Unpacking node-signal-exit (3.0.7+~3.0.1-1) ...
#6 148.8 Selecting previously unselected package node-foreground-child.
#6 148.8 Preparing to unpack .../163-node-foreground-child_2.0.0-5_all.deb ...
#6 148.8 Unpacking node-foreground-child (2.0.0-5) ...
#6 148.8 Selecting previously unselected package node-is-stream.
#6 148.8 Preparing to unpack .../164-node-is-stream_3.0.0-4_all.deb ...
#6 148.8 Unpacking node-is-stream (3.0.0-4) ...
#6 148.8 Selecting previously unselected package node-is-windows.
#6 148.8 Preparing to unpack .../165-node-is-windows_1.0.2+~cs1.0.0-1_all.deb ...
#6 148.8 Unpacking node-is-windows (1.0.2+~cs1.0.0-1) ...
#6 148.8 Selecting previously unselected package node-sprintf-js.
#6 148.8 Preparing to unpack .../166-node-sprintf-js_1.1.2+ds1+~1.1.2-1_all.deb ...
#6 148.8 Unpacking node-sprintf-js (1.1.2+ds1+~1.1.2-1) ...
#6 148.9 Selecting previously unselected package node-argparse.
#6 148.9 Preparing to unpack .../167-node-argparse_2.0.1-2_all.deb ...
#6 148.9 Unpacking node-argparse (2.0.1-2) ...
#6 148.9 Selecting previously unselected package node-js-yaml.
#6 148.9 Preparing to unpack .../168-node-js-yaml_4.1.0+dfsg+~4.0.5-7_all.deb ...
#6 148.9 Unpacking node-js-yaml (4.1.0+dfsg+~4.0.5-7) ...
#6 148.9 Selecting previously unselected package node-nopt.
#6 148.9 Preparing to unpack .../169-node-nopt_5.0.0-4_all.deb ...
#6 148.9 Unpacking node-nopt (5.0.0-4) ...
#6 148.9 Selecting previously unselected package node-npm-run-path.
#6 148.9 Preparing to unpack .../170-node-npm-run-path_5.1.0+~4.0.0-8_all.deb ...
#6 148.9 Unpacking node-npm-run-path (5.1.0+~4.0.0-8) ...
#6 148.9 Selecting previously unselected package node-shebang-regex.
#6 148.9 Preparing to unpack .../171-node-shebang-regex_3.0.0-2_all.deb ...
#6 148.9 Unpacking node-shebang-regex (3.0.0-2) ...
#6 148.9 Selecting previously unselected package node-shebang-command.
#6 148.9 Preparing to unpack .../172-node-shebang-command_2.0.0-1_all.deb ...
#6 148.9 Unpacking node-shebang-command (2.0.0-1) ...
#6 148.9 Selecting previously unselected package node-strip-bom.
#6 148.9 Preparing to unpack .../173-node-strip-bom_4.0.0-2_all.deb ...
#6 148.9 Unpacking node-strip-bom (4.0.0-2) ...
#6 148.9 Selecting previously unselected package node-has-flag.
#6 148.9 Preparing to unpack .../174-node-has-flag_4.0.0-3_all.deb ...
#6 148.9 Unpacking node-has-flag (4.0.0-3) ...
#6 149.0 Selecting previously unselected package node-supports-color.
#6 149.0 Preparing to unpack .../175-node-supports-color_8.1.1+~8.1.1-1_all.deb ...
#6 149.0 Unpacking node-supports-color (8.1.1+~8.1.1-1) ...
#6 149.0 Selecting previously unselected package node-util.
#6 149.0 Preparing to unpack .../176-node-util_0.12.5+~1.0.10-1_all.deb ...
#6 149.0 Unpacking node-util (0.12.5+~1.0.10-1) ...
#6 149.0 Selecting previously unselected package node-assert.
#6 149.0 Preparing to unpack .../177-node-assert_2.0.0+~cs3.9.8-2_all.deb ...
#6 149.0 Unpacking node-assert (2.0.0+~cs3.9.8-2) ...
#6 149.0 Selecting previously unselected package node-ampproject-remapping.
#6 149.0 Preparing to unpack .../178-node-ampproject-remapping_2.2.0+~cs5.15.37-1_all.deb ...
#6 149.0 Unpacking node-ampproject-remapping (2.2.0+~cs5.15.37-1) ...
#6 149.0 Selecting previously unselected package node-babel-plugin-add-module-exports.
#6 149.0 Preparing to unpack .../179-node-babel-plugin-add-module-exports_1.0.4+dfsg1~cs5.8.0-4_all.deb ...
#6 149.0 Unpacking node-babel-plugin-add-module-exports (1.0.4+dfsg1~cs5.8.0-4) ...
#6 149.0 Selecting previously unselected package node-regenerator-runtime.
#6 149.0 Preparing to unpack .../180-node-regenerator-runtime_0.15.1+~0.10.8-1_all.deb ...
#6 149.0 Unpacking node-regenerator-runtime (0.15.1+~0.10.8-1) ...
#6 149.0 Selecting previously unselected package node-babel7-runtime.
#6 149.0 Preparing to unpack .../181-node-babel7-runtime_7.20.15+ds1+~cs214.269.168-3+deb12u2_all.deb ...
#6 149.0 Unpacking node-babel7-runtime (7.20.15+ds1+~cs214.269.168-3+deb12u2) ...
#6 149.0 Selecting previously unselected package node-babel-helper-define-polyfill-provider.
#6 149.1 Preparing to unpack .../182-node-babel-helper-define-polyfill-provider_0.3.3~0~20220913+ds1-1_all.deb ...
#6 149.1 Unpacking node-babel-helper-define-polyfill-provider (0.3.3~0~20220913+ds1-1) ...
#6 149.1 Selecting previously unselected package node-babel-plugin-polyfill-corejs2.
#6 149.1 Preparing to unpack .../183-node-babel-plugin-polyfill-corejs2_0.3.3~0~20220913+ds1-1_all.deb ...
#6 149.1 Unpacking node-babel-plugin-polyfill-corejs2 (0.3.3~0~20220913+ds1-1) ...
#6 149.1 Selecting previously unselected package node-caniuse-lite.
#6 149.1 Preparing to unpack .../184-node-caniuse-lite_1.0.30001436+dfsg+~1.0.1-1_all.deb ...
#6 149.1 Unpacking node-caniuse-lite (1.0.30001436+dfsg+~1.0.1-1) ...
#6 149.1 Selecting previously unselected package node-electron-to-chromium.
#6 149.1 Preparing to unpack .../185-node-electron-to-chromium_1.4.284-1_all.deb ...
#6 149.1 Unpacking node-electron-to-chromium (1.4.284-1) ...
#6 149.1 Selecting previously unselected package node-picocolors.
#6 149.1 Preparing to unpack .../186-node-picocolors_1.0.0-4_all.deb ...
#6 149.1 Unpacking node-picocolors (1.0.0-4) ...
#6 149.1 Selecting previously unselected package node-browserslist.
#6 149.1 Preparing to unpack .../187-node-browserslist_4.21.4+~cs6.1.17-2_all.deb ...
#6 149.1 Unpacking node-browserslist (4.21.4+~cs6.1.17-2) ...
#6 149.2 Selecting previously unselected package node-core-js-compat.
#6 149.2 Preparing to unpack .../188-node-core-js-compat_3.26.1-3_all.deb ...
#6 149.2 Unpacking node-core-js-compat (3.26.1-3) ...
#6 149.2 Selecting previously unselected package node-babel-plugin-polyfill-corejs3.
#6 149.2 Preparing to unpack .../189-node-babel-plugin-polyfill-corejs3_0.6.0~0~20220913+ds1-1_all.deb ...
#6 149.2 Unpacking node-babel-plugin-polyfill-corejs3 (0.6.0~0~20220913+ds1-1) ...
#6 149.2 Selecting previously unselected package node-babel-plugin-polyfill-regenerator.
#6 149.2 Preparing to unpack .../190-node-babel-plugin-polyfill-regenerator_0.4.1~0~20220913+ds1-1_all.deb ...
#6 149.2 Unpacking node-babel-plugin-polyfill-regenerator (0.4.1~0~20220913+ds1-1) ...
#6 149.2 Selecting previously unselected package node-color-name.
#6 149.2 Preparing to unpack .../191-node-color-name_1.1.4+~1.1.1-2_all.deb ...
#6 149.2 Unpacking node-color-name (1.1.4+~1.1.1-2) ...
#6 149.2 Selecting previously unselected package node-color-convert.
#6 149.2 Preparing to unpack .../192-node-color-convert_2.0.1+~cs2.0.0-2_all.deb ...
#6 149.2 Unpacking node-color-convert (2.0.1+~cs2.0.0-2) ...
#6 149.2 Selecting previously unselected package node-ansi-styles.
#6 149.2 Preparing to unpack .../193-node-ansi-styles_6.2.1-2_all.deb ...
#6 149.2 Unpacking node-ansi-styles (6.2.1-2) ...
#6 149.2 Selecting previously unselected package node-chalk.
#6 149.2 Preparing to unpack .../194-node-chalk_5.2.0-1_all.deb ...
#6 149.2 Unpacking node-chalk (5.2.0-1) ...
#6 149.2 Selecting previously unselected package node-for-in.
#6 149.2 Preparing to unpack .../195-node-for-in_1.0.2-4_all.deb ...
#6 149.2 Unpacking node-for-in (1.0.2-4) ...
#6 149.2 Selecting previously unselected package node-for-own.
#6 149.2 Preparing to unpack .../196-node-for-own_1.0.0-3_all.deb ...
#6 149.2 Unpacking node-for-own (1.0.0-3) ...
#6 149.3 Selecting previously unselected package node-is-plain-object.
#6 149.3 Preparing to unpack .../197-node-is-plain-object_5.0.0-7_all.deb ...
#6 149.3 Unpacking node-is-plain-object (5.0.0-7) ...
#6 149.3 Selecting previously unselected package node-is-extendable.
#6 149.3 Preparing to unpack .../198-node-is-extendable_1.0.1-3_all.deb ...
#6 149.3 Unpacking node-is-extendable (1.0.1-3) ...
#6 149.3 Selecting previously unselected package node-clone-deep.
#6 149.3 Preparing to unpack .../199-node-clone-deep_4.0.1+~cs7.0.2-1_all.deb ...
#6 149.3 Unpacking node-clone-deep (4.0.1+~cs7.0.2-1) ...
#6 149.3 Selecting previously unselected package node-commander.
#6 149.3 Preparing to unpack .../200-node-commander_9.4.1-1_all.deb ...
#6 149.3 Unpacking node-commander (9.4.1-1) ...
#6 149.3 Selecting previously unselected package node-core-js.
#6 149.3 Preparing to unpack .../201-node-core-js_3.26.1-3_all.deb ...
#6 149.3 Unpacking node-core-js (3.26.1-3) ...
#6 149.4 Selecting previously unselected package node-core-js-pure.
#6 149.4 Preparing to unpack .../202-node-core-js-pure_3.26.1-3_all.deb ...
#6 149.4 Unpacking node-core-js-pure (3.26.1-3) ...
#6 149.5 Selecting previously unselected package node-fs-readdir-recursive.
#6 149.5 Preparing to unpack .../203-node-fs-readdir-recursive_1.1.0+~1.1.0-1_all.deb ...
#6 149.5 Unpacking node-fs-readdir-recursive (1.1.0+~1.1.0-1) ...
#6 149.5 Selecting previously unselected package node-js-tokens.
#6 149.5 Preparing to unpack .../204-node-js-tokens_8.0.0-2_all.deb ...
#6 149.5 Unpacking node-js-tokens (8.0.0-2) ...
#6 149.6 Selecting previously unselected package node-jsesc.
#6 149.6 Preparing to unpack .../205-node-jsesc_3.0.2+~3.0.1-1_all.deb ...
#6 149.6 Unpacking node-jsesc (3.0.2+~3.0.1-1) ...
#6 149.6 Selecting previously unselected package node-json5.
#6 149.6 Preparing to unpack .../206-node-json5_2.2.3+dfsg-1_all.deb ...
#6 149.6 Unpacking node-json5 (2.2.3+dfsg-1) ...
#6 149.6 Selecting previously unselected package node-quick-lru.
#6 149.6 Preparing to unpack .../207-node-quick-lru_6.1.1-4_all.deb ...
#6 149.6 Unpacking node-quick-lru (6.1.1-4) ...
#6 149.6 Selecting previously unselected package node-regenerator-transform.
#6 149.6 Preparing to unpack .../208-node-regenerator-transform_0.15.1+~0.10.8-1_all.deb ...
#6 149.6 Unpacking node-regenerator-transform (0.15.1+~0.10.8-1) ...
#6 149.6 Selecting previously unselected package node-regjsgen.
#6 149.6 Preparing to unpack .../209-node-regjsgen_0.7.1+ds-1_all.deb ...
#6 149.6 Unpacking node-regjsgen (0.7.1+ds-1) ...
#6 149.7 Selecting previously unselected package node-regjsparser.
#6 149.7 Preparing to unpack .../210-node-regjsparser_0.9.1+ds-2_all.deb ...
#6 149.7 Unpacking node-regjsparser (0.9.1+ds-2) ...
#6 149.7 Selecting previously unselected package node-unicode-canonical-property-names-ecmascript.
#6 149.7 Preparing to unpack .../211-node-unicode-canonical-property-names-ecmascript_2.0.0-2_all.deb ...
#6 149.7 Unpacking node-unicode-canonical-property-names-ecmascript (2.0.0-2) ...
#6 149.7 Selecting previously unselected package node-unicode-property-aliases-ecmascript.
#6 149.7 Preparing to unpack .../212-node-unicode-property-aliases-ecmascript_2.1.0+ds-1_all.deb ...
#6 149.7 Unpacking node-unicode-property-aliases-ecmascript (2.1.0+ds-1) ...
#6 149.7 Selecting previously unselected package node-unicode-match-property-ecmascript.
#6 149.7 Preparing to unpack .../213-node-unicode-match-property-ecmascript_2.0.0-2_all.deb ...
#6 149.7 Unpacking node-unicode-match-property-ecmascript (2.0.0-2) ...
#6 149.7 Selecting previously unselected package node-unicode-match-property-value-ecmascript.
#6 149.7 Preparing to unpack .../214-node-unicode-match-property-value-ecmascript_2.1.0+ds-1_all.deb ...
#6 149.7 Unpacking node-unicode-match-property-value-ecmascript (2.1.0+ds-1) ...
#6 149.7 Selecting previously unselected package node-regexpu-core.
#6 149.7 Preparing to unpack .../215-node-regexpu-core_5.2.2-3_all.deb ...
#6 149.7 Unpacking node-regexpu-core (5.2.2-3) ...
#6 149.7 Selecting previously unselected package node-source-map-support.
#6 149.7 Preparing to unpack .../216-node-source-map-support_0.5.21+ds+~0.5.4-1_all.deb ...
#6 149.7 Unpacking node-source-map-support (0.5.21+ds+~0.5.4-1) ...
#6 149.7 Selecting previously unselected package node-to-fast-properties.
#6 149.7 Preparing to unpack .../217-node-to-fast-properties_3.0.1-3_all.deb ...
#6 149.7 Unpacking node-to-fast-properties (3.0.1-3) ...
#6 149.7 Selecting previously unselected package node-v8flags.
#6 149.7 Preparing to unpack .../218-node-v8flags_3.2.0+~3.1.1-1_all.deb ...
#6 149.7 Unpacking node-v8flags (3.2.0+~3.1.1-1) ...
#6 149.8 Selecting previously unselected package node-babel7.
#6 149.8 Preparing to unpack .../219-node-babel7_7.20.15+ds1+~cs214.269.168-3+deb12u2_all.deb ...
#6 149.8 Unpacking node-babel7 (7.20.15+ds1+~cs214.269.168-3+deb12u2) ...
#6 149.9 Selecting previously unselected package node-is-arrayish.
#6 149.9 Preparing to unpack .../220-node-is-arrayish_0.3.2-3_all.deb ...
#6 149.9 Unpacking node-is-arrayish (0.3.2-3) ...
#6 149.9 Selecting previously unselected package node-error-ex.
#6 149.9 Preparing to unpack .../221-node-error-ex_1.3.2-4_all.deb ...
#6 149.9 Unpacking node-error-ex (1.3.2-4) ...
#6 149.9 Selecting previously unselected package node-json-parse-better-errors.
#6 149.9 Preparing to unpack .../222-node-json-parse-better-errors_1.0.2+~cs3.3.1-2_all.deb ...
#6 149.9 Unpacking node-json-parse-better-errors (1.0.2+~cs3.3.1-2) ...
#6 149.9 Selecting previously unselected package node-parse-json.
#6 149.9 Preparing to unpack .../223-node-parse-json_5.2.0+~cs5.1.7-1_all.deb ...
#6 149.9 Unpacking node-parse-json (5.2.0+~cs5.1.7-1) ...
#6 149.9 Selecting previously unselected package node-hosted-git-info.
#6 149.9 Preparing to unpack .../224-node-hosted-git-info_6.1.1-2_all.deb ...
#6 149.9 Unpacking node-hosted-git-info (6.1.1-2) ...
#6 149.9 Selecting previously unselected package node-spdx-license-ids.
#6 149.9 Preparing to unpack .../225-node-spdx-license-ids_3.0.12-1_all.deb ...
#6 149.9 Unpacking node-spdx-license-ids (3.0.12-1) ...
#6 150.0 Selecting previously unselected package node-spdx-exceptions.
#6 150.0 Preparing to unpack .../226-node-spdx-exceptions_2.3.0-2_all.deb ...
#6 150.0 Unpacking node-spdx-exceptions (2.3.0-2) ...
#6 150.0 Selecting previously unselected package node-spdx-expression-parse.
#6 150.0 Preparing to unpack .../227-node-spdx-expression-parse_3.0.1+~3.0.1-1_all.deb ...
#6 150.0 Unpacking node-spdx-expression-parse (3.0.1+~3.0.1-1) ...
#6 150.0 Selecting previously unselected package node-spdx-correct.
#6 150.0 Preparing to unpack .../228-node-spdx-correct_3.1.1-2_all.deb ...
#6 150.0 Unpacking node-spdx-correct (3.1.1-2) ...
#6 150.0 Selecting previously unselected package node-validate-npm-package-license.
#6 150.0 Preparing to unpack .../229-node-validate-npm-package-license_3.0.4-2_all.deb ...
#6 150.0 Unpacking node-validate-npm-package-license (3.0.4-2) ...
#6 150.0 Selecting previously unselected package node-normalize-package-data.
#6 150.0 Preparing to unpack .../230-node-normalize-package-data_4.0.1+~2.4.1-1_all.deb ...
#6 150.0 Unpacking node-normalize-package-data (4.0.1+~2.4.1-1) ...
#6 150.0 Selecting previously unselected package node-read-pkg.
#6 150.0 Preparing to unpack .../231-node-read-pkg_5.2.0-2_all.deb ...
#6 150.0 Unpacking node-read-pkg (5.2.0-2) ...
#6 150.0 Selecting previously unselected package node-uuid.
#6 150.0 Preparing to unpack .../232-node-uuid_8.3.2+~8.3.3-3_all.deb ...
#6 150.0 Unpacking node-uuid (8.3.2+~8.3.3-3) ...
#6 150.0 Selecting previously unselected package node-isexe.
#6 150.0 Preparing to unpack .../233-node-isexe_2.0.0+~2.0.1-5_all.deb ...
#6 150.0 Unpacking node-isexe (2.0.0+~2.0.1-5) ...
#6 150.1 Selecting previously unselected package node-which.
#6 150.1 Preparing to unpack .../234-node-which_2.0.2+~cs1.3.2-3_all.deb ...
#6 150.1 Unpacking node-which (2.0.2+~cs1.3.2-3) ...
#6 150.1 Selecting previously unselected package node-is-typedarray.
#6 150.1 Preparing to unpack .../235-node-is-typedarray_1.0.0-4_all.deb ...
#6 150.1 Unpacking node-is-typedarray (1.0.0-4) ...
#6 150.1 Selecting previously unselected package node-typedarray-to-buffer.
#6 150.1 Preparing to unpack .../236-node-typedarray-to-buffer_4.0.0-2_all.deb ...
#6 150.1 Unpacking node-typedarray-to-buffer (4.0.0-2) ...
#6 150.1 Selecting previously unselected package node-write-file-atomic.
#6 150.1 Preparing to unpack .../237-node-write-file-atomic_4.0.2+~4.0.0-1_all.deb ...
#6 150.1 Unpacking node-write-file-atomic (4.0.2+~4.0.0-1) ...
#6 150.1 Selecting previously unselected package node-slice-ansi.
#6 150.1 Preparing to unpack .../238-node-slice-ansi_5.0.0+~cs9.0.0-5_all.deb ...
#6 150.1 Unpacking node-slice-ansi (5.0.0+~cs9.0.0-5) ...
#6 150.1 Selecting previously unselected package node-ansi-regex.
#6 150.1 Preparing to unpack .../239-node-ansi-regex_5.0.1-1_all.deb ...
#6 150.1 Unpacking node-ansi-regex (5.0.1-1) ...
#6 150.1 Selecting previously unselected package node-strip-ansi.
#6 150.1 Preparing to unpack .../240-node-strip-ansi_6.0.1-2_all.deb ...
#6 150.1 Unpacking node-strip-ansi (6.0.1-2) ...
#6 150.1 Selecting previously unselected package node-clone.
#6 150.1 Preparing to unpack .../241-node-clone_2.1.2-4_all.deb ...
#6 150.1 Unpacking node-clone (2.1.2-4) ...
#6 150.1 Selecting previously unselected package node-defaults.
#6 150.1 Preparing to unpack .../242-node-defaults_1.0.4+~1.0.3-1_all.deb ...
#6 150.2 Unpacking node-defaults (1.0.4+~1.0.3-1) ...
#6 150.2 Selecting previously unselected package node-wcwidth.js.
#6 150.2 Preparing to unpack .../243-node-wcwidth.js_1.0.2-2_all.deb ...
#6 150.2 Unpacking node-wcwidth.js (1.0.2-2) ...
#6 150.2 Selecting previously unselected package node-string-width.
#6 150.2 Preparing to unpack .../244-node-string-width_4.2.3+~cs13.2.3-1_all.deb ...
#6 150.2 Unpacking node-string-width (4.2.3+~cs13.2.3-1) ...
#6 150.2 Selecting previously unselected package node-wrap-ansi.
#6 150.2 Preparing to unpack .../245-node-wrap-ansi_8.0.1+~8.0.1-3_all.deb ...
#6 150.2 Unpacking node-wrap-ansi (8.0.1+~8.0.1-3) ...
#6 150.2 Selecting previously unselected package node-cliui.
#6 150.2 Preparing to unpack .../246-node-cliui_7.0.4+repack+~cs3.1.0-4_all.deb ...
#6 150.2 Unpacking node-cliui (7.0.4+repack+~cs3.1.0-4) ...
#6 150.2 Selecting previously unselected package node-get-caller-file.
#6 150.2 Preparing to unpack .../247-node-get-caller-file_2.0.5+~cs1.1.1-4_all.deb ...
#6 150.2 Unpacking node-get-caller-file (2.0.5+~cs1.1.1-4) ...
#6 150.2 Selecting previously unselected package node-require-directory.
#6 150.2 Preparing to unpack .../248-node-require-directory_2.1.1+~2.1.2-1_all.deb ...
#6 150.2 Unpacking node-require-directory (2.1.1+~2.1.2-1) ...
#6 150.2 Selecting previously unselected package node-y18n.
#6 150.2 Preparing to unpack .../249-node-y18n_5.0.8+~5.0.0-3_all.deb ...
#6 150.2 Unpacking node-y18n (5.0.8+~5.0.0-3) ...
#6 150.2 Selecting previously unselected package node-camelcase.
#6 150.2 Preparing to unpack .../250-node-camelcase_7.0.0-3_all.deb ...
#6 150.2 Unpacking node-camelcase (7.0.0-3) ...
#6 150.3 Selecting previously unselected package node-yargs-parser.
#6 150.3 Preparing to unpack .../251-node-yargs-parser_21.1.1+~21.0.0-4_all.deb ...
#6 150.3 Unpacking node-yargs-parser (21.1.1+~21.0.0-4) ...
#6 150.3 Selecting previously unselected package node-yargs.
#6 150.3 Preparing to unpack .../252-node-yargs_16.2.0+~16.0.4-7_all.deb ...
#6 150.3 Unpacking node-yargs (16.2.0+~16.0.4-7) ...
#6 150.3 Selecting previously unselected package node-istanbul.
#6 150.3 Preparing to unpack .../253-node-istanbul_0.4.5+repack10+~cs97.25.57-3_all.deb ...
#6 150.3 Unpacking node-istanbul (0.4.5+repack10+~cs97.25.57-3) ...
#6 150.3 Selecting previously unselected package node-through.
#6 150.3 Preparing to unpack .../254-node-through_2.3.8+~cs0.0.30-1_all.deb ...
#6 150.3 Unpacking node-through (2.3.8+~cs0.0.30-1) ...
#6 150.3 Selecting previously unselected package node-resumer.
#6 150.3 Preparing to unpack .../255-node-resumer_0.0.0-6_all.deb ...
#6 150.3 Unpacking node-resumer (0.0.0-6) ...
#6 150.3 Selecting previously unselected package node-tape.
#6 150.3 Preparing to unpack .../256-node-tape_5.6.1+~cs8.20.19-1_all.deb ...
#6 150.3 Unpacking node-tape (5.6.1+~cs8.20.19-1) ...
#6 150.4 Selecting previously unselected package node-deep-equal.
#6 150.4 Preparing to unpack .../257-node-deep-equal_2.1.0+~cs31.12.80-1_all.deb ...
#6 150.4 Unpacking node-deep-equal (2.1.0+~cs31.12.80-1) ...
#6 150.4 Selecting previously unselected package libjs-util.
#6 150.4 Preparing to unpack .../258-libjs-util_0.12.5+~1.0.10-1_all.deb ...
#6 150.4 Unpacking libjs-util (0.12.5+~1.0.10-1) ...
#6 150.4 Selecting previously unselected package libssl-dev:arm64.
#6 150.4 Preparing to unpack .../259-libssl-dev_3.0.22-1~deb12u1_arm64.deb ...
#6 150.4 Unpacking libssl-dev:arm64 (3.0.22-1~deb12u1) ...
#6 150.5 Selecting previously unselected package libuv1-dev:arm64.
#6 150.5 Preparing to unpack .../260-libuv1-dev_1.44.2-1+deb12u1_arm64.deb ...
#6 150.5 Unpacking libuv1-dev:arm64 (1.44.2-1+deb12u1) ...
#6 150.5 Selecting previously unselected package libnode-dev.
#6 150.5 Preparing to unpack .../261-libnode-dev_18.20.4+dfsg-1~deb12u3_arm64.deb ...
#6 150.5 Unpacking libnode-dev (18.20.4+dfsg-1~deb12u3) ...
#6 150.5 Selecting previously unselected package node-agent-base.
#6 150.5 Preparing to unpack .../262-node-agent-base_6.0.2+~cs5.4.2-2_all.deb ...
#6 150.5 Unpacking node-agent-base (6.0.2+~cs5.4.2-2) ...
#6 150.5 Selecting previously unselected package node-ajv-keywords.
#6 150.5 Preparing to unpack .../263-node-ajv-keywords_3.5.2-2_all.deb ...
#6 150.5 Unpacking node-ajv-keywords (3.5.2-2) ...
#6 150.6 Selecting previously unselected package node-ansi-escapes.
#6 150.6 Preparing to unpack .../264-node-ansi-escapes_5.0.0+really.4.3.1-1_all.deb ...
#6 150.6 Unpacking node-ansi-escapes (5.0.0+really.4.3.1-1) ...
#6 150.6 Selecting previously unselected package node-aproba.
#6 150.6 Preparing to unpack .../265-node-aproba_2.0.0-3_all.deb ...
#6 150.6 Unpacking node-aproba (2.0.0-3) ...
#6 150.6 Selecting previously unselected package node-delegates.
#6 150.6 Preparing to unpack .../266-node-delegates_1.0.0-3_all.deb ...
#6 150.6 Unpacking node-delegates (1.0.0-3) ...
#6 150.6 Selecting previously unselected package node-are-we-there-yet.
#6 150.6 Preparing to unpack .../267-node-are-we-there-yet_3.0.1+~1.1.0-1_all.deb ...
#6 150.6 Unpacking node-are-we-there-yet (3.0.1+~1.1.0-1) ...
#6 150.6 Selecting previously unselected package node-async-each.
#6 150.6 Preparing to unpack .../268-node-async-each_1.0.3-3_all.deb ...
#6 150.6 Unpacking node-async-each (1.0.3-3) ...
#6 150.6 Selecting previously unselected package node-babel-plugin-lodash.
#6 150.6 Preparing to unpack .../269-node-babel-plugin-lodash_3.3.4+~cs2.0.1-6_all.deb ...
#6 150.6 Unpacking node-babel-plugin-lodash (3.3.4+~cs2.0.1-6) ...
#6 150.6 Selecting previously unselected package node-base64-js.
#6 150.6 Preparing to unpack .../270-node-base64-js_1.5.1+dfsg+~1.3.0-2_all.deb ...
#6 150.6 Unpacking node-base64-js (1.5.1+dfsg+~1.3.0-2) ...
#6 150.6 Selecting previously unselected package node-binary-extensions.
#6 150.6 Preparing to unpack .../271-node-binary-extensions_2.2.0-2_all.deb ...
#6 150.6 Unpacking node-binary-extensions (2.2.0-2) ...
#6 150.7 Selecting previously unselected package node-builtins.
#6 150.7 Preparing to unpack .../272-node-builtins_5.0.1-1_all.deb ...
#6 150.7 Unpacking node-builtins (5.0.1-1) ...
#6 150.7 Selecting previously unselected package node-chownr.
#6 150.7 Preparing to unpack .../273-node-chownr_2.0.0-2_all.deb ...
#6 150.7 Unpacking node-chownr (2.0.0-2) ...
#6 150.7 Selecting previously unselected package node-iconv-lite.
#6 150.7 Preparing to unpack .../274-node-iconv-lite_0.6.3-3_all.deb ...
#6 150.7 Unpacking node-iconv-lite (0.6.3-3) ...
#6 150.7 Selecting previously unselected package node-encoding.
#6 150.7 Preparing to unpack .../275-node-encoding_0.1.13-2_all.deb ...
#6 150.7 Unpacking node-encoding (0.1.13-2) ...
#6 150.7 Selecting previously unselected package node-jsonparse.
#6 150.7 Preparing to unpack .../276-node-jsonparse_1.3.1-10_all.deb ...
#6 150.7 Unpacking node-jsonparse (1.3.1-10) ...
#6 150.7 Selecting previously unselected package node-minipass.
#6 150.7 Preparing to unpack .../277-node-minipass_3.3.6+~cs9.4.19-1+deb12u1_all.deb ...
#6 150.7 Unpacking node-minipass (3.3.6+~cs9.4.19-1+deb12u1) ...
#6 150.7 Selecting previously unselected package node-iferr.
#6 150.7 Preparing to unpack .../278-node-iferr_1.0.2+~1.0.2-1_all.deb ...
#6 150.7 Unpacking node-iferr (1.0.2+~1.0.2-1) ...
#6 150.7 Selecting previously unselected package node-fs-write-stream-atomic.
#6 150.7 Preparing to unpack .../279-node-fs-write-stream-atomic_1.0.10-6_all.deb ...
#6 150.7 Unpacking node-fs-write-stream-atomic (1.0.10-6) ...
#6 150.8 Selecting previously unselected package node-run-queue.
#6 150.8 Preparing to unpack .../280-node-run-queue_2.0.0-3_all.deb ...
#6 150.8 Unpacking node-run-queue (2.0.0-3) ...
#6 150.8 Selecting previously unselected package node-copy-concurrently.
#6 150.8 Preparing to unpack .../281-node-copy-concurrently_1.0.5-9_all.deb ...
#6 150.8 Unpacking node-copy-concurrently (1.0.5-9) ...
#6 150.8 Selecting previously unselected package node-move-concurrently.
#6 150.8 Preparing to unpack .../282-node-move-concurrently_1.0.1-5_all.deb ...
#6 150.8 Unpacking node-move-concurrently (1.0.1-5) ...
#6 150.8 Selecting previously unselected package node-promise-inflight.
#6 150.8 Preparing to unpack .../283-node-promise-inflight_1.0.1+~1.0.0-1_all.deb ...
#6 150.8 Unpacking node-promise-inflight (1.0.1+~1.0.0-1) ...
#6 150.8 Selecting previously unselected package node-ssri.
#6 150.8 Preparing to unpack .../284-node-ssri_9.0.1-2_all.deb ...
#6 150.8 Unpacking node-ssri (9.0.1-2) ...
#6 150.8 Selecting previously unselected package node-unique-filename.
#6 150.8 Preparing to unpack .../285-node-unique-filename_1.1.1+ds-2_all.deb ...
#6 150.8 Unpacking node-unique-filename (1.1.1+ds-2) ...
#6 150.8 Selecting previously unselected package node-cacache.
#6 150.8 Preparing to unpack .../286-node-cacache_17.0.3+~cs10.3.7-1_all.deb ...
#6 150.8 Unpacking node-cacache (17.0.3+~cs10.3.7-1) ...
#6 150.8 Selecting previously unselected package node-is-binary-path.
#6 150.8 Preparing to unpack .../287-node-is-binary-path_2.1.0-5_all.deb ...
#6 150.8 Unpacking node-is-binary-path (2.1.0-5) ...
#6 150.9 Selecting previously unselected package node-path-is-absolute.
#6 150.9 Preparing to unpack .../288-node-path-is-absolute_2.0.0-2_all.deb ...
#6 150.9 Unpacking node-path-is-absolute (2.0.0-2) ...
#6 150.9 Selecting previously unselected package node-set-immediate-shim.
#6 150.9 Preparing to unpack .../289-node-set-immediate-shim_2.0.0-2_all.deb ...
#6 150.9 Unpacking node-set-immediate-shim (2.0.0-2) ...
#6 150.9 Selecting previously unselected package node-readdirp.
#6 150.9 Preparing to unpack .../290-node-readdirp_3.6.0-1_all.deb ...
#6 150.9 Unpacking node-readdirp (3.6.0-1) ...
#6 150.9 Selecting previously unselected package node-chokidar.
#6 150.9 Preparing to unpack .../291-node-chokidar_3.5.3-2_all.deb ...
#6 150.9 Unpacking node-chokidar (3.5.3-2) ...
#6 150.9 Selecting previously unselected package node-tslib.
#6 150.9 Preparing to unpack .../292-node-tslib_2.4.1-1_all.deb ...
#6 150.9 Unpacking node-tslib (2.4.1-1) ...
#6 150.9 Selecting previously unselected package node-chrome-trace-event.
#6 150.9 Preparing to unpack .../293-node-chrome-trace-event_1.0.3-2_all.deb ...
#6 150.9 Unpacking node-chrome-trace-event (1.0.3-2) ...
#6 150.9 Selecting previously unselected package node-ci-info.
#6 150.9 Preparing to unpack .../294-node-ci-info_3.6.1+~cs1.1.0-1_all.deb ...
#6 150.9 Unpacking node-ci-info (3.6.1+~cs1.1.0-1) ...
#6 150.9 Selecting previously unselected package node-colors.
#6 150.9 Preparing to unpack .../295-node-colors_1.4.0-4_all.deb ...
#6 150.9 Unpacking node-colors (1.4.0-4) ...
#6 151.0 Selecting previously unselected package node-cli-table.
#6 151.0 Preparing to unpack .../296-node-cli-table_0.3.11+~cs0.13.4-3_all.deb ...
#6 151.0 Unpacking node-cli-table (0.3.11+~cs0.13.4-3) ...
#6 151.0 Selecting previously unselected package node-columnify.
#6 151.0 Preparing to unpack .../297-node-columnify_1.6.0+~1.5.1-1_all.deb ...
#6 151.0 Unpacking node-columnify (1.6.0+~1.5.1-1) ...
#6 151.0 Selecting previously unselected package node-console-control-strings.
#6 151.0 Preparing to unpack .../298-node-console-control-strings_1.1.0-3_all.deb ...
#6 151.0 Unpacking node-console-control-strings (1.1.0-3) ...
#6 151.0 Selecting previously unselected package node-css-selector-tokenizer.
#6 151.0 Preparing to unpack .../299-node-css-selector-tokenizer_0.8.0+~cs4.8.3-1_all.deb ...
#6 151.0 Unpacking node-css-selector-tokenizer (0.8.0+~cs4.8.3-1) ...
#6 151.0 Selecting previously unselected package node-isobject.
#6 151.0 Preparing to unpack .../300-node-isobject_4.0.0-2_all.deb ...
#6 151.0 Unpacking node-isobject (4.0.0-2) ...
#6 151.0 Selecting previously unselected package node-postcss.
#6 151.0 Preparing to unpack .../301-node-postcss_8.4.20+~cs8.0.23-1+deb12u1_all.deb ...
#6 151.0 Unpacking node-postcss (8.4.20+~cs8.0.23-1+deb12u1) ...
#6 151.0 Selecting previously unselected package node-icss-utils.
#6 151.0 Preparing to unpack .../302-node-icss-utils_5.1.0+~5.1.0-1_all.deb ...
#6 151.0 Unpacking node-icss-utils (5.1.0+~5.1.0-1) ...
#6 151.0 Selecting previously unselected package node-postcss-modules-extract-imports.
#6 151.0 Preparing to unpack .../303-node-postcss-modules-extract-imports_3.0.0-2_all.deb ...
#6 151.0 Unpacking node-postcss-modules-extract-imports (3.0.0-2) ...
#6 151.1 Selecting previously unselected package node-postcss-modules-values.
#6 151.1 Preparing to unpack .../304-node-postcss-modules-values_4.0.0+~4.0.0-1_all.deb ...
#6 151.1 Unpacking node-postcss-modules-values (4.0.0+~4.0.0-1) ...
#6 151.1 Selecting previously unselected package node-postcss-value-parser.
#6 151.1 Preparing to unpack .../305-node-postcss-value-parser_4.2.0-1_all.deb ...
#6 151.1 Unpacking node-postcss-value-parser (4.2.0-1) ...
#6 151.1 Selecting previously unselected package node-prr.
#6 151.1 Preparing to unpack .../306-node-prr_1.0.1-3_all.deb ...
#6 151.1 Unpacking node-prr (1.0.1-3) ...
#6 151.1 Selecting previously unselected package node-errno.
#6 151.1 Preparing to unpack .../307-node-errno_1.0.0-3_all.deb ...
#6 151.1 Unpacking node-errno (1.0.0-3) ...
#6 151.1 Selecting previously unselected package node-memory-fs.
#6 151.1 Preparing to unpack .../308-node-memory-fs_0.5.0+~0.3.3-2_all.deb ...
#6 151.1 Unpacking node-memory-fs (0.5.0+~0.3.3-2) ...
#6 151.1 Selecting previously unselected package node-tapable.
#6 151.1 Preparing to unpack .../309-node-tapable_2.2.1-2_all.deb ...
#6 151.1 Unpacking node-tapable (2.2.1-2) ...
#6 151.1 Selecting previously unselected package node-enhanced-resolve.
#6 151.1 Preparing to unpack .../310-node-enhanced-resolve_5.10.0-1_all.deb ...
#6 151.1 Unpacking node-enhanced-resolve (5.10.0-1) ...
#6 151.2 Selecting previously unselected package node-es-module-lexer.
#6 151.2 Preparing to unpack .../311-node-es-module-lexer_1.1.0+dfsg-2+deb12u1_all.deb ...
#6 151.2 Unpacking node-es-module-lexer (1.1.0+dfsg-2+deb12u1) ...
#6 151.2 Selecting previously unselected package node-events.
#6 151.2 Preparing to unpack .../312-node-events_3.3.0+~3.0.0-3_all.deb ...
#6 151.2 Unpacking node-events (3.3.0+~3.0.0-3) ...
#6 151.2 Selecting previously unselected package node-resolve-cwd.
#6 151.2 Preparing to unpack .../313-node-resolve-cwd_3.0.0-2_all.deb ...
#6 151.2 Unpacking node-resolve-cwd (3.0.0-2) ...
#6 151.2 Selecting previously unselected package node-jest-debbundle.
#6 151.2 Preparing to unpack .../314-node-jest-debbundle_29.3.1~ds1+~cs70.48.25-2_all.deb ...
#6 151.2 Unpacking node-jest-debbundle (29.3.1~ds1+~cs70.48.25-2) ...
#6 151.2 Selecting previously unselected package node-interpret.
#6 151.2 Preparing to unpack .../315-node-interpret_2.2.0-3_all.deb ...
#6 151.2 Unpacking node-interpret (2.2.0-3) ...
#6 151.2 Selecting previously unselected package node-merge-stream.
#6 151.2 Preparing to unpack .../316-node-merge-stream_2.0.0+~1.1.2-2_all.deb ...
#6 151.2 Unpacking node-merge-stream (2.0.0+~1.1.2-2) ...
#6 151.2 Selecting previously unselected package node-jest-worker.
#6 151.2 Preparing to unpack .../317-node-jest-worker_29.3.1~ds1+~cs70.48.25-2_all.deb ...
#6 151.2 Unpacking node-jest-worker (29.3.1~ds1+~cs70.48.25-2) ...
#6 151.3 Selecting previously unselected package node-loader-runner.
#6 151.3 Preparing to unpack .../318-node-loader-runner_4.3.0-1_all.deb ...
#6 151.3 Unpacking node-loader-runner (4.3.0-1) ...
#6 151.3 Selecting previously unselected package node-mime.
#6 151.3 Preparing to unpack .../319-node-mime_3.0.0+dfsg+~cs3.97.1-1_all.deb ...
#6 151.3 Unpacking node-mime (3.0.0+dfsg+~cs3.97.1-1) ...
#6 151.3 Selecting previously unselected package node-mime-types.
#6 151.3 Preparing to unpack .../320-node-mime-types_2.1.35-1_all.deb ...
#6 151.3 Unpacking node-mime-types (2.1.35-1) ...
#6 151.3 Selecting previously unselected package node-rechoir.
#6 151.3 Preparing to unpack .../321-node-rechoir_0.8.0+~0.6.1-2_all.deb ...
#6 151.3 Unpacking node-rechoir (0.8.0+~0.6.1-2) ...
#6 151.3 Selecting previously unselected package node-schema-utils.
#6 151.3 Preparing to unpack .../322-node-schema-utils_3.1.1~ds-2_all.deb ...
#6 151.3 Unpacking node-schema-utils (3.1.1~ds-2) ...
#6 151.3 Selecting previously unselected package node-randombytes.
#6 151.3 Preparing to unpack .../323-node-randombytes_2.1.0+~2.0.0-2_all.deb ...
#6 151.3 Unpacking node-randombytes (2.1.0+~2.0.0-2) ...
#6 151.3 Selecting previously unselected package node-serialize-javascript.
#6 151.3 Preparing to unpack .../324-node-serialize-javascript_6.0.0-2+deb12u1_all.deb ...
#6 151.3 Unpacking node-serialize-javascript (6.0.0-2+deb12u1) ...
#6 151.3 Selecting previously unselected package node-watchpack.
#6 151.3 Preparing to unpack .../325-node-watchpack_2.4.0+~cs2.8.1-1_all.deb ...
#6 151.3 Unpacking node-watchpack (2.4.0+~cs2.8.1-1) ...
#6 151.4 Selecting previously unselected package node-webassemblyjs.
#6 151.4 Preparing to unpack .../326-node-webassemblyjs_1.11.4+dfsg+~cs10.11.17-2_all.deb ...
#6 151.4 Unpacking node-webassemblyjs (1.11.4+dfsg+~cs10.11.17-2) ...
#6 151.4 Selecting previously unselected package node-source-list-map.
#6 151.4 Preparing to unpack .../327-node-source-list-map_2.0.1+dfsg-2_all.deb ...
#6 151.4 Unpacking node-source-list-map (2.0.1+dfsg-2) ...
#6 151.4 Selecting previously unselected package node-webpack-sources.
#6 151.4 Preparing to unpack .../328-node-webpack-sources_3.2.3+~3.2.0-2_all.deb ...
#6 151.4 Unpacking node-webpack-sources (3.2.3+~3.2.0-2) ...
#6 151.4 Selecting previously unselected package node-terser.
#6 151.4 Preparing to unpack .../329-node-terser_5.16.5-2_all.deb ...
#6 151.4 Unpacking node-terser (5.16.5-2) ...
#6 151.5 Selecting previously unselected package terser.
#6 151.5 Preparing to unpack .../330-terser_5.16.5-2_all.deb ...
#6 151.5 Unpacking terser (5.16.5-2) ...
#6 151.5 Selecting previously unselected package webpack.
#6 151.5 Preparing to unpack .../331-webpack_5.75.0+dfsg+~cs17.16.14-1+deb12u1_all.deb ...
#6 151.5 Unpacking webpack (5.75.0+dfsg+~cs17.16.14-1+deb12u1) ...
#6 151.5 Selecting previously unselected package node-css-loader.
#6 151.5 Preparing to unpack .../332-node-css-loader_6.7.2+~cs14.0.11-1_all.deb ...
#6 151.5 Unpacking node-css-loader (6.7.2+~cs14.0.11-1) ...
#6 151.5 Selecting previously unselected package node-data-uri-to-buffer.
#6 151.5 Preparing to unpack .../333-node-data-uri-to-buffer_4.0.0-3_all.deb ...
#6 151.5 Unpacking node-data-uri-to-buffer (4.0.0-3) ...
#6 151.5 Selecting previously unselected package node-mimic-response.
#6 151.5 Preparing to unpack .../334-node-mimic-response_3.1.0-8_all.deb ...
#6 151.6 Unpacking node-mimic-response (3.1.0-8) ...
#6 151.6 Selecting previously unselected package node-decompress-response.
#6 151.6 Preparing to unpack .../335-node-decompress-response_6.0.0-2_all.deb ...
#6 151.6 Unpacking node-decompress-response (6.0.0-2) ...
#6 151.6 Selecting previously unselected package node-depd.
#6 151.6 Preparing to unpack .../336-node-depd_2.0.0-2_all.deb ...
#6 151.6 Unpacking node-depd (2.0.0-2) ...
#6 151.6 Selecting previously unselected package node-diff.
#6 151.6 Preparing to unpack .../337-node-diff_5.0.0~dfsg+~5.0.1-4_all.deb ...
#6 151.6 Unpacking node-diff (5.0.0~dfsg+~5.0.1-4) ...
#6 151.6 Selecting previously unselected package node-end-of-stream.
#6 151.6 Preparing to unpack .../338-node-end-of-stream_1.4.4+~1.4.1-1_all.deb ...
#6 151.6 Unpacking node-end-of-stream (1.4.4+~1.4.1-1) ...
#6 151.6 Selecting previously unselected package node-err-code.
#6 151.6 Preparing to unpack .../339-node-err-code_2.0.3+dfsg-3_all.deb ...
#6 151.6 Unpacking node-err-code (2.0.3+dfsg-3) ...
#6 151.6 Selecting previously unselected package node-time-stamp.
#6 151.6 Preparing to unpack .../340-node-time-stamp_2.2.0-2_all.deb ...
#6 151.6 Unpacking node-time-stamp (2.2.0-2) ...
#6 151.6 Selecting previously unselected package node-fancy-log.
#6 151.6 Preparing to unpack .../341-node-fancy-log_1.3.3+~cs1.3.1-2_all.deb ...
#6 151.6 Unpacking node-fancy-log (1.3.3+~cs1.3.1-2) ...
#6 151.6 Selecting previously unselected package node-fetch.
#6 151.7 Preparing to unpack .../342-node-fetch_3.3.0+~cs11.4.11-2_all.deb ...
#6 151.7 Unpacking node-fetch (3.3.0+~cs11.4.11-2) ...
#6 151.7 Selecting previously unselected package node-has-unicode.
#6 151.7 Preparing to unpack .../343-node-has-unicode_2.0.1-5_all.deb ...
#6 151.7 Unpacking node-has-unicode (2.0.1-5) ...
#6 151.7 Selecting previously unselected package node-wide-align.
#6 151.7 Preparing to unpack .../344-node-wide-align_1.1.3-4_all.deb ...
#6 151.7 Unpacking node-wide-align (1.1.3-4) ...
#6 151.7 Selecting previously unselected package node-gauge.
#6 151.7 Preparing to unpack .../345-node-gauge_4.0.4-1_all.deb ...
#6 151.7 Unpacking node-gauge (4.0.4-1) ...
#6 151.7 Selecting previously unselected package node-pump.
#6 151.7 Preparing to unpack .../346-node-pump_3.0.0-5_all.deb ...
#6 151.7 Unpacking node-pump (3.0.0-5) ...
#6 151.7 Selecting previously unselected package node-get-stream.
#6 151.7 Preparing to unpack .../347-node-get-stream_6.0.1-1_all.deb ...
#6 151.7 Unpacking node-get-stream (6.0.1-1) ...
#6 151.7 Selecting previously unselected package node-lowercase-keys.
#6 151.7 Preparing to unpack .../348-node-lowercase-keys_2.0.0-2_all.deb ...
#6 151.8 Unpacking node-lowercase-keys (2.0.0-2) ...
#6 151.8 Selecting previously unselected package node-json-buffer.
#6 151.8 Preparing to unpack .../349-node-json-buffer_3.0.1+~3.0.0-1_all.deb ...
#6 151.8 Unpacking node-json-buffer (3.0.1+~3.0.0-1) ...
#6 151.8 Selecting previously unselected package node-p-cancelable.
#6 151.8 Preparing to unpack .../350-node-p-cancelable_2.1.1-1_all.deb ...
#6 151.8 Unpacking node-p-cancelable (2.1.1-1) ...
#6 151.8 Selecting previously unselected package node-got.
#6 151.8 Preparing to unpack .../351-node-got_11.8.5+~cs58.13.36-3_all.deb ...
#6 151.8 Unpacking node-got (11.8.5+~cs58.13.36-3) ...
#6 151.8 Selecting previously unselected package node-https-proxy-agent.
#6 151.8 Preparing to unpack .../352-node-https-proxy-agent_5.0.1+~cs8.0.0-3_all.deb ...
#6 151.8 Unpacking node-https-proxy-agent (5.0.1+~cs8.0.0-3) ...
#6 151.8 Selecting previously unselected package node-set-blocking.
#6 151.8 Preparing to unpack .../353-node-set-blocking_2.0.0-2_all.deb ...
#6 151.8 Unpacking node-set-blocking (2.0.0-2) ...
#6 151.8 Selecting previously unselected package node-npmlog.
#6 151.8 Preparing to unpack .../354-node-npmlog_7.0.1+~4.1.4-1_all.deb ...
#6 151.8 Unpacking node-npmlog (7.0.1+~4.1.4-1) ...
#6 151.8 Selecting previously unselected package node-osenv.
#6 151.8 Preparing to unpack .../355-node-osenv_0.1.5+~0.1.1-1_all.deb ...
#6 151.8 Unpacking node-osenv (0.1.5+~0.1.1-1) ...
#6 151.9 Selecting previously unselected package node-tar.
#6 151.9 Preparing to unpack .../356-node-tar_6.1.13+~cs7.0.5-1+deb12u1_all.deb ...
#6 151.9 Unpacking node-tar (6.1.13+~cs7.0.5-1+deb12u1) ...
#6 151.9 Selecting previously unselected package node-gyp.
#6 151.9 Preparing to unpack .../357-node-gyp_9.3.0-2_all.deb ...
#6 151.9 Unpacking node-gyp (9.3.0-2) ...
#6 151.9 Selecting previously unselected package node-ieee754.
#6 151.9 Preparing to unpack .../358-node-ieee754_1.2.1-3_all.deb ...
#6 151.9 Unpacking node-ieee754 (1.2.1-3) ...
#6 151.9 Selecting previously unselected package node-ini.
#6 151.9 Preparing to unpack .../359-node-ini_3.0.1-2_all.deb ...
#6 151.9 Unpacking node-ini (3.0.1-2) ...
#6 151.9 Selecting previously unselected package node-ip.
#6 151.9 Preparing to unpack .../360-node-ip_2.0.0+~1.1.0-1_all.deb ...
#6 151.9 Unpacking node-ip (2.0.0+~1.1.0-1) ...
#6 151.9 Selecting previously unselected package node-ip-regex.
#6 151.9 Preparing to unpack .../361-node-ip-regex_4.3.0+~4.1.1-1_all.deb ...
#6 151.9 Unpacking node-ip-regex (4.3.0+~4.1.1-1) ...
#6 151.9 Selecting previously unselected package node-mute-stream.
#6 151.9 Preparing to unpack .../362-node-mute-stream_0.0.8+~0.0.1-3_all.deb ...
#6 151.9 Unpacking node-mute-stream (0.0.8+~0.0.1-3) ...
#6 151.9 Selecting previously unselected package node-negotiator.
#6 151.9 Preparing to unpack .../363-node-negotiator_0.6.3+~0.6.1-1_all.deb ...
#6 152.0 Unpacking node-negotiator (0.6.3+~0.6.1-1) ...
#6 152.0 Selecting previously unselected package node-read-package-json.
#6 152.0 Preparing to unpack .../364-node-read-package-json_5.0.2+~2.0.0-1_all.deb ...
#6 152.0 Unpacking node-read-package-json (5.0.2+~2.0.0-1) ...
#6 152.0 Selecting previously unselected package node-npm-bundled.
#6 152.0 Preparing to unpack .../365-node-npm-bundled_2.0.1-2_all.deb ...
#6 152.0 Unpacking node-npm-bundled (2.0.1-2) ...
#6 152.0 Selecting previously unselected package node-validate-npm-package-name.
#6 152.0 Preparing to unpack .../366-node-validate-npm-package-name_5.0.0+~4.0.0-1_all.deb ...
#6 152.0 Unpacking node-validate-npm-package-name (5.0.0+~4.0.0-1) ...
#6 152.0 Selecting previously unselected package node-npm-package-arg.
#6 152.0 Preparing to unpack .../367-node-npm-package-arg_10.0.0+~3.0.0-2_all.deb ...
#6 152.0 Unpacking node-npm-package-arg (10.0.0+~3.0.0-2) ...
#6 152.0 Selecting previously unselected package node-retry.
#6 152.0 Preparing to unpack .../368-node-retry_0.13.1+~0.12.1-1_all.deb ...
#6 152.0 Unpacking node-retry (0.13.1+~0.12.1-1) ...
#6 152.0 Selecting previously unselected package node-promise-retry.
#6 152.0 Preparing to unpack .../369-node-promise-retry_2.0.1-4_all.deb ...
#6 152.0 Unpacking node-promise-retry (2.0.1-4) ...
#6 152.0 Selecting previously unselected package node-read.
#6 152.0 Preparing to unpack .../370-node-read_1.0.7-5_all.deb ...
#6 152.0 Unpacking node-read (1.0.7-5) ...
#6 152.1 Selecting previously unselected package node-promzard.
#6 152.1 Preparing to unpack .../371-node-promzard_0.3.0-2_all.deb ...
#6 152.1 Unpacking node-promzard (0.3.0-2) ...
#6 152.1 Selecting previously unselected package node-text-table.
#6 152.1 Preparing to unpack .../372-node-text-table_0.2.0-4_all.deb ...
#6 152.1 Unpacking node-text-table (0.2.0-4) ...
#6 152.1 Selecting previously unselected package npm.
#6 152.1 Preparing to unpack .../373-npm_9.2.0~ds1-1_all.deb ...
#6 152.1 Unpacking npm (9.2.0~ds1-1) ...
#6 152.1 Selecting previously unselected package ripgrep.
#6 152.1 Preparing to unpack .../374-ripgrep_13.0.0-4+b2_arm64.deb ...
#6 152.1 Unpacking ripgrep (13.0.0-4+b2) ...
#6 152.2 Setting up media-types (10.0.0) ...
#6 152.2 Setting up node-colors (1.4.0-4) ...
#6 152.2 Setting up node-fs.realpath (1.0.0-3) ...
#6 152.2 Setting up node-ampproject-remapping (2.2.0+~cs5.15.37-1) ...
#6 152.2 Setting up node-diff (5.0.0~dfsg+~5.0.1-4) ...
#6 152.2 Setting up libkeyutils1:arm64 (1.6.3-2) ...
#6 152.2 Setting up libpsl5:arm64 (0.21.2-1) ...
#6 152.2 Setting up node-abbrev (1.1.1+~1.1.2-1) ...
#6 152.2 Setting up node-path-is-inside (1.0.2+~1.0.0-1) ...
#6 152.2 Setting up libjs-sprintf-js (1.1.2+ds1+~1.1.2-1) ...
#6 152.2 Setting up libicu72:arm64 (72.1-3+deb12u1) ...
#6 152.2 Setting up node-pify (5.0.0+~cs5.0.1-1) ...
#6 152.2 Setting up node-p-limit (4.0.0+~cs4.0.0-5) ...
#6 152.2 Setting up node-yallist (4.0.0+~4.0.1-1) ...
#6 152.2 Setting up libjs-inherits (2.0.4-6) ...
#6 152.2 Setting up node-p-cancelable (2.1.1-1) ...
#6 152.2 Setting up node-is-windows (1.0.2+~cs1.0.0-1) ...
#6 152.2 Setting up node-ansi-regex (5.0.1-1) ...
#6 152.2 Setting up node-loader-runner (4.3.0-1) ...
#6 152.3 Setting up node-object-inspect (1.12.2+~cs1.8.1-1) ...
#6 152.3 Setting up node-slash (4.0.0-3) ...
#6 152.3 Setting up node-util-deprecate (1.0.2-3) ...
#6 152.3 Setting up node-ieee754 (1.2.1-3) ...
#6 152.3 Setting up node-fs-readdir-recursive (1.1.0+~1.1.0-1) ...
#6 152.3 Setting up node-v8flags (3.2.0+~3.1.1-1) ...
#6 152.3 Setting up node-retry (0.13.1+~0.12.1-1) ...
#6 152.3 Setting up node-get-caller-file (2.0.5+~cs1.1.1-4) ...
#6 152.3 Setting up node-arrify (2.0.1-3) ...
#6 152.3 Setting up node-eslint-visitor-keys (3.3.0+~1.0.0-1) ...
#6 152.3 Setting up node-caniuse-lite (1.0.30001436+dfsg+~1.0.1-1) ...
#6 152.3 Setting up node-isobject (4.0.0-2) ...
#6 152.3 Setting up node-delegates (1.0.0-3) ...
#6 152.3 Setting up libtirpc-common (1.3.3+ds-1) ...
#6 152.3 Setting up node-depd (2.0.0-2) ...
#6 152.3 Setting up node-isexe (2.0.0+~2.0.1-5) ...
#6 152.3 Setting up libbrotli1:arm64 (1.0.9-2+b6) ...
#6 152.3 Setting up node-jsonparse (1.3.1-10) ...
#6 152.3 Setting up node-core-js-pure (3.26.1-3) ...
#6 152.3 Setting up node-es-module-lexer (1.1.0+dfsg-2+deb12u1) ...
#6 152.3 Setting up node-path-exists (5.0.0-8) ...
#6 152.3 Setting up node-unicode-match-property-value-ecmascript (2.1.0+ds-1) ...
#6 152.3 Setting up node-escape-string-regexp (4.0.0-2) ...
#6 152.3 Setting up node-through (2.3.8+~cs0.0.30-1) ...
#6 152.3 Setting up libjs-source-map (0.7.0++dfsg2+really.0.6.1-15) ...
#6 152.3 Setting up node-p-locate (6.0.0-12) ...
#6 152.3 Setting up node-negotiator (0.6.3+~0.6.1-1) ...
#6 152.3 Setting up node-tslib (2.4.1-1) ...
#6 152.3 Setting up libnghttp2-14:arm64 (1.52.0-1+deb12u3) ...
#6 152.3 Setting up node-strip-bom (4.0.0-2) ...
#6 152.4 Setting up node-ci-info (3.6.1+~cs1.1.0-1) ...
#6 152.4 Setting up node-color-name (1.1.4+~1.1.1-2) ...
#6 152.4 Setting up node-chrome-trace-event (1.0.3-2) ...
#6 152.4 Setting up node-json-buffer (3.0.1+~3.0.0-1) ...
#6 152.4 Setting up node-electron-to-chromium (1.4.284-1) ...
#6 152.4 Setting up node-cjs-module-lexer (1.2.2+dfsg-5) ...
#6 152.4 Setting up node-console-control-strings (1.1.0-3) ...
#6 152.4 Setting up node-source-list-map (2.0.1+dfsg-2) ...
#6 152.4 Setting up node-camelcase (7.0.0-3) ...
#6 152.4 Setting up node-resumer (0.0.0-6) ...
#6 152.4 Setting up libc-ares2:arm64 (1.18.1-3) ...
#6 152.4 Setting up node-uuid (8.3.2+~8.3.3-3) ...
#6 152.4 Setting up node-terser (5.16.5-2) ...
#6 152.4 Setting up node-path-type (4.0.0-3) ...
#6 152.4 Setting up node-indent-string (4.0.0-2) ...
#6 152.4 Setting up node-typedarray (0.0.7-1) ...
#6 152.4 Setting up node-function-bind (1.1.1+repacked+~1.0.3-2) ...
#6 152.4 Setting up node-clone (2.1.2-4) ...
#6 152.4 Setting up node-p-map (4.0.0+~3.1.0+~3.0.1-1) ...
#6 152.4 Setting up node-iferr (1.0.2+~1.0.2-1) ...
#6 152.4 Setting up libkrb5support0:arm64 (1.20.1-2+deb12u5) ...
#6 152.4 Setting up node-chownr (2.0.0-2) ...
#6 152.4 Setting up node-has-flag (4.0.0-3) ...
#6 152.4 Setting up node-estraverse (5.3.0+ds+~5.1.1-1) ...
#6 152.4 Setting up libsasl2-modules-db:arm64 (2.1.28+dfsg-10) ...
#6 152.4 Setting up node-regjsgen (0.7.1+ds-1) ...
#6 152.4 Setting up node-lodash-packages (4.17.21+dfsg+~cs8.31.198.20210220-9+deb12u1) ...
#6 152.4 Setting up node-json-schema-traverse (1.0.0-3) ...
#6 152.4 Setting up node-inherits (2.0.4-6) ...
#6 152.4 Setting up node-path-is-absolute (2.0.0-2) ...
#6 152.4 Setting up node-locate-path (7.1.1-2) ...
#6 152.4 Setting up node-ini (3.0.1-2) ...
#6 152.4 Setting up node-postcss-value-parser (4.2.0-1) ...
#6 152.4 Setting up node-safe-buffer (5.2.1+~cs2.1.2-3) ...
#6 152.5 Setting up node-promise-inflight (1.0.1+~1.0.0-1) ...
#6 152.5 Setting up libuv1:arm64 (1.44.2-1+deb12u1) ...
#6 152.5 Setting up node-json-parse-better-errors (1.0.2+~cs3.3.1-2) ...
#6 152.5 Setting up node-unicode-canonical-property-names-ecmascript (2.0.0-2) ...
#6 152.5 Setting up node-sprintf-js (1.1.2+ds1+~1.1.2-1) ...
#6 152.5 Setting up node-flatted (3.2.7~ds-1+deb12u1) ...
#6 152.5 Setting up node-y18n (5.0.8+~5.0.0-3) ...
#6 152.5 Setting up node-fast-deep-equal (3.1.3-3) ...
#6 152.5 Setting up node-shebang-regex (3.0.0-2) ...
#6 152.5 Setting up node-err-code (2.0.3+dfsg-3) ...
#6 152.5 Setting up node-resolve-from (5.0.0+~3.1.0+~3.3.0+~2.0.0-1) ...
#6 152.5 Setting up librtmp1:arm64 (2.4+20151223.gitfa8646d.1-2+b2) ...
#6 152.5 Setting up node-balanced-match (2.0.0-1) ...
#6 152.5 Setting up node-convert-source-map (1.9.0+~1.5.2-1) ...
#6 152.5 Setting up node-brace-expansion (2.0.1-2) ...
#6 152.5 Setting up node-is-stream (3.0.0-4) ...
#6 152.5 Setting up node-spdx-exceptions (2.3.0-2) ...
#6 152.5 Setting up node-js-tokens (8.0.0-2) ...
#6 152.5 Setting up node-core-js (3.26.1-3) ...
#6 152.5 Setting up node-interpret (2.2.0-3) ...
#6 152.5 Setting up libproc2-0:arm64 (2:4.0.2-3) ...
#6 152.5 Setting up node-set-blocking (2.0.0-2) ...
#6 152.5 Setting up node-prr (1.0.1-3) ...
#6 152.5 Setting up libssl-dev:arm64 (3.0.22-1~deb12u1) ...
#6 152.5 Setting up node-repeat-string (1.6.1+repack-1) ...
#6 152.5 Setting up node-globals (13.18.0-1) ...
#6 152.5 Setting up node-deep-is (0.1.4-1) ...
#6 152.5 Setting up node-signal-exit (3.0.7+~3.0.1-1) ...
#6 152.5 Setting up node-randombytes (2.1.0+~2.0.0-2) ...
#6 152.5 Setting up libk5crypto3:arm64 (1.20.1-2+deb12u5) ...
#6 152.5 Setting up node-source-map (0.7.0++dfsg2+really.0.6.1-15) ...
#6 152.5 Setting up node-wrappy (1.0.2-3) ...
#6 152.5 Setting up node-text-table (0.2.0-4) ...
#6 152.5 Setting up libsasl2-2:arm64 (2.1.28+dfsg-10) ...
#6 152.5 Setting up node-require-directory (2.1.1+~2.1.2-1) ...
#6 152.5 Setting up node-ip (2.0.0+~1.1.0-1) ...
#6 152.6 Setting up node-quick-lru (6.1.1-4) ...
#6 152.6 Setting up node-regenerator-runtime (0.15.1+~0.10.8-1) ...
#6 152.6 Setting up node-to-fast-properties (3.0.1-3) ...
#6 152.6 Setting up node-defaults (1.0.4+~1.0.3-1) ...
#6 152.6 Setting up node-mute-stream (0.0.8+~0.0.1-3) ...
#6 152.6 Setting up node-memfs (3.4.12+~cs1.0.3-1) ...
#6 152.6 Setting up node-mimic-response (3.1.0-8) ...
#6 152.6 Setting up node-commander (9.4.1-1) ...
#6 152.6 Setting up libjs-typedarray-to-buffer (4.0.0-2) ...
#6 152.6 Setting up node-graceful-fs (4.2.10-1) ...
#6 152.6 Setting up ripgrep (13.0.0-4+b2) ...
#6 152.6 Setting up node-merge-stream (2.0.0+~1.1.2-2) ...
#6 152.6 Setting up node-is-path-cwd (2.2.0-2) ...
#6 152.6 Setting up node-jsonify (0.0.1-1) ...
#6 152.6 Setting up procps (2:4.0.2-3) ...
#6 152.6 Setting up node-json-stable-stringify (1.0.2+~cs5.2.34-1) ...
#6 152.6 Setting up node-fast-levenshtein (2.0.6+ds-3) ...
#6 152.6 Setting up libjs-regenerate (1.4.2-3) ...
#6 152.6 Setting up node-aproba (2.0.0-3) ...
#6 152.6 Setting up node-unicode-property-aliases-ecmascript (2.1.0+ds-1) ...
#6 152.6 Setting up node-binary-extensions (2.2.0-2) ...
#6 152.6 Setting up node-is-plain-object (5.0.0-7) ...
#6 152.6 Setting up node-eslint-utils (3.0.0-3) ...
#6 152.6 Setting up node-path-dirname (1.0.2-2) ...
#6 152.6 Setting up node-ip-regex (4.3.0+~4.1.1-1) ...
#6 152.6 Setting up node-spdx-license-ids (3.0.12-1) ...
#6 152.6 Setting up node-string-decoder (1.3.0-6) ...
#6 152.6 Setting up libssh2-1:arm64 (1.10.0-3+deb12u1) ...
#6 152.6 Setting up node-esutils (2.0.3+~2.0.0-1) ...
#6 152.6 Setting up node-time-stamp (2.2.0-2) ...
#6 152.6 Setting up node-commondir (1.0.1+~1.0.0-1) ...
#6 152.6 Setting up libjs-prettify (2015.12.04+dfsg-1.1) ...
#6 152.6 Setting up libjs-events (3.3.0+~3.0.0-3) ...
#6 152.6 Setting up node-run-queue (2.0.0-3) ...
#6 152.7 Setting up libkrb5-3:arm64 (1.20.1-2+deb12u5) ...
#6 152.7 Setting up node-core-util-is (1.0.3-1) ...
#6 152.7 Setting up node-json-schema (0.4.0+~7.0.11-1) ...
#6 152.7 Setting up node-prelude-ls (1.2.1+dfsg-3) ...
#6 152.7 Setting up node-minimatch (5.1.1+~5.1.2-1) ...
#6 152.7 Setting up libjs-async (0.8.0-6) ...
#6 152.7 Setting up node-imurmurhash (0.1.4+dfsg+~0.1.1-2) ...
#6 152.7 Setting up node-xtend (4.0.2-3) ...
#6 152.7 Setting up node-set-immediate-shim (2.0.0-2) ...
#6 152.7 Setting up node-foreground-child (2.0.0-5) ...
#6 152.7 Setting up node-wordwrap (1.0.0-4) ...
#6 152.7 Setting up node-read (1.0.7-5) ...
#6 152.7 Setting up node-regexpp (3.2.0-4+deb12u1) ...
#6 152.7 Setting up node-is-arrayish (0.3.2-3) ...
#6 152.7 Setting up node-base64-js (1.5.1+dfsg+~1.3.0-2) ...
#6 152.7 Setting up node-esquery (1.4.2~ds-1) ...
#6 152.7 Setting up node-npm-run-path (5.1.0+~4.0.0-8) ...
#6 152.7 Setting up node-is-buffer (2.0.5-2) ...
#6 152.7 Setting up node-color-convert (2.0.1+~cs2.0.0-2) ...
#6 152.7 Setting up node-data-uri-to-buffer (4.0.0-3) ...
#6 152.7 Setting up node-async-each (1.0.3-3) ...
#6 152.7 Setting up node-isarray (2.0.5-4) ...
#6 152.7 Setting up node-osenv (0.1.5+~0.1.1-1) ...
#6 152.7 Setting up node-is-plain-obj (3.0.0-2) ...
#6 152.7 Setting up node-is-extglob (2.1.1-5) ...
#6 152.7 Setting up node-tapable (2.2.1-2) ...
#6 152.7 Setting up node-shebang-command (2.0.0-1) ...
#6 152.7 Setting up libjs-is-typedarray (1.0.0-4) ...
#6 152.7 Setting up node-lowercase-keys (2.0.0-2) ...
#6 152.7 Setting up node-babel-plugin-add-module-exports (1.0.4+dfsg1~cs5.8.0-4) ...
#6 152.7 Setting up node-decompress-response (6.0.0-2) ...
#6 152.7 Setting up node-process-nextick-args (2.0.1-3) ...
#6 152.7 Setting up node-has-unicode (2.0.1-5) ...
#6 152.8 Setting up node-busboy (1.6.0+~cs2.6.0-2) ...
#6 152.8 Setting up libuv1-dev:arm64 (1.44.2-1+deb12u1) ...
#6 152.8 Setting up node-readable-stream (3.6.0+~cs3.0.0-4) ...
#6 152.8 Setting up node-lru-cache (7.14.1-1) ...
#6 152.8 Setting up node-promise-retry (2.0.1-4) ...
#6 152.8 Setting up node-supports-color (8.1.1+~8.1.1-1) ...
#6 152.8 Setting up node-error-ex (1.3.2-4) ...
#6 152.8 Setting up node-once (1.4.0-7) ...
#6 152.8 Setting up node-webpack-sources (3.2.3+~3.2.0-2) ...
#6 152.8 Setting up node-n3 (1.16.3+~1.2.3+~1.10.4-1) ...
#6 152.8 Setting up node-serialize-javascript (6.0.0-2+deb12u1) ...
#6 152.8 Setting up node-resolve (1.22.1+~cs5.31.10-1) ...
#6 152.8 Setting up node-are-we-there-yet (3.0.1+~1.1.0-1) ...
#6 152.8 Setting up node-find-up (6.3.0-7) ...
#6 152.8 Setting up node-kind-of (6.0.3+dfsg-2) ...
#6 152.8 Setting up node-is-binary-path (2.1.0-5) ...
#6 152.8 Setting up node-events (3.3.0+~3.0.0-3) ...
#6 152.8 Setting up node-minimist (1.2.7+~cs5.3.2-2) ...
#6 152.8 Setting up libldap-2.5-0:arm64 (2.5.13+dfsg-5) ...
#6 152.8 Setting up node-fancy-log (1.3.3+~cs1.3.1-2) ...
#6 152.8 Setting up node-promzard (0.3.0-2) ...
#6 152.8 Setting up node-wcwidth.js (1.0.2-2) ...
#6 152.8 Setting up node-resolve-cwd (3.0.0-2) ...
#6 152.8 Setting up node-fetch (3.3.0+~cs11.4.11-2) ...
#6 152.8 Setting up node-babel7-runtime (7.20.15+ds1+~cs214.269.168-3+deb12u2) ...
#6 152.8 Setting up node-iconv-lite (0.6.3-3) ...
#6 152.8 Setting up node-type-check (0.4.0+dfsg-3) ...
#6 152.8 Setting up node-rechoir (0.8.0+~0.6.1-2) ...
#6 152.8 Setting up node-ansi-styles (6.2.1-2) ...
#6 152.8 Setting up node-pkg-dir (5.0.0-2) ...
#6 152.8 Setting up libgssapi-krb5-2:arm64 (1.20.1-2+deb12u5) ...
#6 152.9 Setting up node-async (0.8.0-6) ...
#6 152.9 Setting up node-optimist (0.6.1+~0.0.30-2) ...
#6 152.9 Setting up node-spdx-expression-parse (3.0.1+~3.0.1-1) ...
#6 152.9 Setting up node-concat-stream (2.0.0+~2.0.0-2) ...
#6 152.9 Setting up node-is-typedarray (1.0.0-4) ...
#6 152.9 Setting up node-undici (5.15.0+dfsg1+~cs20.10.9.3-1+deb12u4) ...
#6 152.9 Setting up node-inflight (1.0.6-2) ...
#6 152.9 Setting up node-hosted-git-info (6.1.1-2) ...
#6 152.9 Setting up libcurl4:arm64 (7.88.1-10+deb12u15) ...
#6 152.9 Setting up curl (7.88.1-10+deb12u15) ...
#6 152.9 Setting up node-encoding (0.1.13-2) ...
#6 152.9 Setting up node-slice-ansi (5.0.0+~cs9.0.0-5) ...
#6 152.9 Setting up node-fs-write-stream-atomic (1.0.10-6) ...
#6 152.9 Setting up libtirpc3:arm64 (1.3.3+ds-1) ...
#6 152.9 Setting up node-end-of-stream (1.4.4+~1.4.1-1) ...
#6 152.9 Setting up node-pump (3.0.0-5) ...
#6 152.9 Setting up node-regenerator-transform (0.15.1+~0.10.8-1) ...
#6 152.9 Setting up node-levn (0.4.1+dfsg-2) ...
#6 152.9 Setting up node-spdx-correct (3.1.1-2) ...
#6 152.9 Setting up node-glob (8.0.3+~cs8.4.15-1) ...
#6 152.9 Setting up node-get-stream (6.0.1-1) ...
#6 152.9 Setting up node-got (11.8.5+~cs58.13.36-3) ...
#6 152.9 Setting up node-typedarray-to-buffer (4.0.0-2) ...
#6 152.9 Setting up node-minipass (3.3.6+~cs9.4.19-1+deb12u1) ...
#6 152.9 Setting up libnsl2:arm64 (1.3.0-2) ...
#6 152.9 Setting up node-validate-npm-package-license (3.0.4-2) ...
#6 152.9 Setting up node-optionator (0.9.1+dfsg+~cs1.2.3-1) ...
#6 152.9 Setting up node-ssri (9.0.1-2) ...
#6 152.9 Setting up node-write-file-atomic (4.0.2+~4.0.0-1) ...
#6 152.9 Setting up libpython3.11-stdlib:arm64 (3.11.2-6+deb12u9) ...
#6 152.9 Setting up libpython3-stdlib:arm64 (3.11.2-1+b1) ...
#6 152.9 Setting up python3.11 (3.11.2-6+deb12u9) ...
#6 153.2 Setting up python3 (3.11.2-1+b1) ...
#6 153.2 running python rtupdate hooks for python3.11...
#6 153.2 running python post-rtupdate hooks for python3.11...
#6 153.2 Setting up python3-six (1.16.0-4) ...
#6 153.3 Setting up python3-pkg-resources (66.1.1-1+deb12u2) ...
#6 153.4 Setting up gyp (0.1+20220404git9ecf45e-2) ...
#6 153.5 Setting up node-define-properties (1.1.4+~1.1.3-1) ...
#6 153.5 Setting up node-acorn (8.8.1+ds+~cs25.17.7-2) ...
#6 153.5 Setting up node-espree (9.4.1~dfsg-1) ...
#6 153.5 Setting up node-debbundle-es-to-primitive (1.2.1+~cs9.7.25-2) ...
#6 153.5 Setting up libnode108:arm64 (18.20.4+dfsg-1~deb12u3) ...
#6 153.5 Setting up libjs-util (0.12.5+~1.0.10-1) ...
#6 153.5 Setting up nodejs (18.20.4+dfsg-1~deb12u3) ...
#6 153.5 update-alternatives: using /usr/bin/nodejs to provide /usr/bin/js (js) in auto mode
#6 153.5 update-alternatives: warning: skip creation of /usr/share/man/man1/js.1.gz because associated file /usr/share/man/man1/nodejs.1.gz (of link group js) doesn't exist
#6 153.5 Setting up node-argparse (2.0.1-2) ...
#6 153.5 Setting up terser (5.16.5-2) ...
#6 153.5 Setting up node-mime (3.0.0+dfsg+~cs3.97.1-1) ...
#6 153.6 Setting up node-source-map-support (0.5.21+ds+~0.5.4-1) ...
#6 153.6 Setting up node-unique-filename (1.1.1+ds-2) ...
#6 153.6 Setting up node-unicode-match-property-ecmascript (2.0.0-2) ...
#6 153.6 Setting up node-defined (1.0.1+~1.0.0-1) ...
#6 153.6 Setting up node-mime-types (2.1.35-1) ...
#6 153.6 Setting up node-ansi-escapes (5.0.0+really.4.3.1-1) ...
#6 153.6 Setting up node-strip-ansi (6.0.1-2) ...
#6 153.6 Setting up node-write (2.0.0~6.0.0+~3.0.4+~2.0.0+~1.0.0+~2.0.1-5) ...
#6 153.6 Setting up node-ignore (5.2.1-1) ...
#6 153.6 Setting up node-chalk (5.2.0-1) ...
#6 153.6 Setting up node-which (2.0.2+~cs1.3.2-3) ...
#6 153.6 Setting up node-punycode (2.1.1-6) ...
#6 153.6 Setting up node-css-selector-tokenizer (0.8.0+~cs4.8.3-1) ...
#6 153.6 Setting up node-esprima (4.0.1+ds+~4.0.3-2) ...
#6 153.6 Setting up node-is-path-inside (3.0.3-2) ...
#6 153.6 Setting up node-neo-async (2.6.2+~cs3.0.0-2) ...
#6 153.6 Setting up node-mkdirp (1.0.4+~1.0.2-4) ...
#6 153.7 Setting up node-uri-js (4.4.0+dfsg-8) ...
#6 153.7 Setting up node-es6-error (4.1.1-5) ...
#6 153.7 Setting up node-archy (1.0.0-6) ...
#6 153.7 Setting up node-js-yaml (4.1.0+dfsg+~4.0.5-7) ...
#6 153.7 Setting up node-nopt (5.0.0-4) ...
#6 153.7 Setting up node-lodash (4.17.21+dfsg+~cs8.31.198.20210220-9+deb12u1) ...
#6 153.7 Setting up node-progress (2.0.3-2) ...
#6 153.7 Setting up node-json5 (2.2.3+dfsg-1) ...
#6 153.7 Setting up node-ms (2.1.3+~cs0.7.31-3) ...
#6 153.7 Setting up node-rimraf (3.0.2-2) ...
#6 153.7 Setting up node-string-width (4.2.3+~cs13.2.3-1) ...
#6 153.7 Setting up node-regenerate (1.4.2-3) ...
#6 153.7 Setting up node-semver (7.3.5+~7.3.9-2) ...
#6 153.7 Setting up node-picocolors (1.0.0-4) ...
#6 153.7 Setting up node-builtins (5.0.1-1) ...
#6 153.7 Setting up handlebars (3:4.7.7+~4.1.0-1) ...
#6 153.8 Setting up node-object-assign (4.1.1-7) ...
#6 153.8 Setting up node-is-glob (4.0.3-2) ...
#6 153.8 Setting up node-v8-compile-cache (2.3.0-3+deb12u1) ...
#6 153.8 Setting up node-flat-cache (3.0.4~6.0.0+~3.0.4+~2.0.0+~1.0.0+~2.0.1-5) ...
#6 153.8 Setting up node-is-number (7.0.0-4) ...
#6 153.8 Setting up node-for-in (1.0.2-4) ...
#6 153.8 Setting up node-strip-json-comments (4.0.0-4) ...
#6 153.8 Setting up libnode-dev (18.20.4+dfsg-1~deb12u3) ...
#6 153.8 Setting up node-is-extendable (1.0.1-3) ...
#6 153.8 Setting up node-columnify (1.6.0+~1.5.1-1) ...
#6 153.8 Setting up node-doctrine (3.0.0-4) ...
#6 153.8 Setting up node-copy-concurrently (1.0.5-9) ...
#6 153.8 Setting up node-ajv (6.12.6-3) ...
#6 153.8 Setting up node-jsesc (3.0.2+~3.0.1-1) ...
#6 153.8 Setting up node-regjsparser (0.9.1+ds-2) ...
#6 153.8 Setting up node-errno (1.0.0-3) ...
#6 153.9 Setting up node-decamelize (4.0.0-2) ...
#6 153.9 Setting up node-move-concurrently (1.0.1-5) ...
#6 153.9 Setting up node-normalize-path (3.0.0+~3.0.0-1) ...
#6 153.9 Setting up node-util (0.12.5+~1.0.10-1) ...
#6 153.9 Setting up node-functional-red-black-tree (1.0.1+20181105-7) ...
#6 153.9 Setting up node-debug (4.3.4+~cs4.1.7-1) ...
#6 153.9 Setting up node-agent-base (6.0.2+~cs5.4.2-2) ...
#6 153.9 Setting up node-browserslist (4.21.4+~cs6.1.17-2) ...
#6 153.9 Setting up node-yargs-parser (21.1.1+~21.0.0-4) ...
#6 153.9 Setting up node-make-dir (3.1.0-3) ...
#6 153.9 Setting up node-validate-npm-package-name (5.0.0+~4.0.0-1) ...
#6 153.9 Setting up node-esrecurse (4.3.0-2) ...
#6 153.9 Setting up node-file-entry-cache (6.0.0+~3.0.4+~2.0.0+~1.0.0+~2.0.1-5) ...
#6 153.9 Setting up node-wrap-ansi (8.0.1+~8.0.1-3) ...
#6 153.9 Setting up node-normalize-package-data (4.0.1+~2.4.1-1) ...
#6 153.9 Setting up node-for-own (1.0.0-3) ...
#6 153.9 Setting up node-eslint-scope (7.1.1+~3.7.4-1) ...
#6 154.0 Setting up node-escodegen (2.0.0+dfsg+~0.0.7-2) ...
#6 154.0 Setting up node-memory-fs (0.5.0+~0.3.3-2) ...
#6 154.0 Setting up node-babel-helper-define-polyfill-provider (0.3.3~0~20220913+ds1-1) ...
#6 154.0 Setting up node-assert (2.0.0+~cs3.9.8-2) ...
#6 154.0 Setting up node-cli-table (0.3.11+~cs0.13.4-3) ...
#6 154.0 Setting up node-tar (6.1.13+~cs7.0.5-1+deb12u1) ...
#6 154.0 Setting up node-regenerate-unicode-properties (10.1.0+ds-1) ...
#6 154.0 Setting up node-glob-parent (6.0.2+~5.1.1-2) ...
#6 154.0 Setting up node-enhanced-resolve (5.10.0-1) ...
#6 154.0 Setting up node-postcss (8.4.20+~cs8.0.23-1+deb12u1) ...
#6 154.0 Setting up node-wide-align (1.1.3-4) ...
#6 154.0 Setting up node-npm-package-arg (10.0.0+~3.0.0-2) ...
#6 154.0 Setting up node-anymatch (3.1.3+~cs4.6.1-2) ...
#6 154.1 Setting up node-postcss-modules-extract-imports (3.0.0-2) ...
#6 154.1 Setting up node-https-proxy-agent (5.0.1+~cs8.0.0-3) ...
#6 154.1 Setting up node-cliui (7.0.4+repack+~cs3.1.0-4) ...
#6 154.1 Setting up node-regexpu-core (5.2.2-3) ...
#6 154.1 Setting up node-yargs (16.2.0+~16.0.4-7) ...
#6 154.1 Setting up node-to-regex-range (5.0.1-4) ...
#6 154.1 Setting up node-cacache (17.0.3+~cs10.3.7-1) ...
#6 154.1 Setting up node-babel-plugin-polyfill-corejs2 (0.3.3~0~20220913+ds1-1) ...
#6 154.1 Setting up node-ajv-keywords (3.5.2-2) ...
#6 154.1 Setting up node-read-package-json (5.0.2+~2.0.0-1) ...
#6 154.1 Setting up node-core-js-compat (3.26.1-3) ...
#6 154.1 Setting up node-clone-deep (4.0.1+~cs7.0.2-1) ...
#6 154.1 Setting up eslint (6.4.0~dfsg+~6.1.9-7) ...
#6 154.1 Setting up node-babel-plugin-polyfill-regenerator (0.4.1~0~20220913+ds1-1) ...
#6 154.1 Setting up node-gauge (4.0.4-1) ...
#6 154.1 Setting up node-readdirp (3.6.0-1) ...
#6 154.1 Setting up node-icss-utils (5.1.0+~5.1.0-1) ...
#6 154.2 Setting up node-npm-bundled (2.0.1-2) ...
#6 154.2 Setting up node-schema-utils (3.1.1~ds-2) ...
#6 154.2 Setting up node-jest-worker (29.3.1~ds1+~cs70.48.25-2) ...
#6 154.2 Setting up node-npmlog (7.0.1+~4.1.4-1) ...
#6 154.2 Setting up node-babel-plugin-polyfill-corejs3 (0.6.0~0~20220913+ds1-1) ...
#6 154.2 Setting up node-postcss-modules-values (4.0.0+~4.0.0-1) ...
#6 154.2 Setting up node-fill-range (7.0.1+~7.0.0-1) ...
#6 154.2 Setting up node-gyp (9.3.0-2) ...
#6 154.2 Setting up node-braces (3.0.2+~3.0.1-1) ...
#6 154.2 Setting up node-chokidar (3.5.3-2) ...
#6 154.2 Setting up node-watchpack (2.4.0+~cs2.8.1-1) ...
#6 154.2 Setting up node-micromatch (4.0.5+~4.0.2-1) ...
#6 154.2 Setting up node-globby (13.1.3+~cs16.25.40-1+deb12u1) ...
#6 154.2 Setting up node-del (7.0.0-5) ...
#6 154.2 Setting up node-find-cache-dir (3.3.2+~3.2.1-1) ...
#6 154.3 Setting up node-babel7 (7.20.15+ds1+~cs214.269.168-3+deb12u2) ...
#6 154.3 update-alternatives: using /usr/bin/babeljs-7 to provide /usr/bin/babeljs (babeljs) in auto mode
#6 154.3 update-alternatives: using /usr/bin/babeljs-7-external-helpers to provide /usr/bin/babeljs-external-helpers (babeljs-external-helpers) in auto mode
#6 154.3 update-alternatives: using /usr/bin/babeljs-7-node to provide /usr/bin/babeljs-node (babeljs-node) in auto mode
#6 154.3 update-alternatives: using /usr/bin/babeljs-7-parser to provide /usr/bin/babeljs-parser (babeljs-parser) in auto mode
#6 154.3 Setting up node-babel-plugin-lodash (3.3.4+~cs2.0.1-6) ...
#6 154.3 Setting up node-jest-debbundle (29.3.1~ds1+~cs70.48.25-2) ...
#6 154.3 Setting up node-parse-json (5.2.0+~cs5.1.7-1) ...
#6 154.3 Setting up node-read-pkg (5.2.0-2) ...
#6 154.3 Setting up node-istanbul (0.4.5+repack10+~cs97.25.57-3) ...
#6 154.3 Setting up node-tape (5.6.1+~cs8.20.19-1) ...
#6 154.3 Setting up node-deep-equal (2.1.0+~cs31.12.80-1) ...
#6 154.3 Setting up node-es-abstract (1.20.4+~cs26.27.47-1) ...
#6 154.3 Setting up node-webassemblyjs (1.11.4+dfsg+~cs10.11.17-2) ...
#6 154.3 Setting up webpack (5.75.0+dfsg+~cs17.16.14-1+deb12u1) ...
#6 154.3 Setting up node-css-loader (6.7.2+~cs14.0.11-1) ...
#6 154.3 Setting up npm (9.2.0~ds1-1) ...
#6 154.3 Processing triggers for libc-bin (2.36-9+deb12u14) ...
#6 DONE 154.9s

#7 [3/8] RUN pip install --no-cache-dir numpy==2.3.4 scipy==1.17.0
#7 1.867 Collecting numpy==2.3.4
#7 2.232   Downloading numpy-2.3.4-cp313-cp313-manylinux_2_27_aarch64.manylinux_2_28_aarch64.whl.metadata (62 kB)
#7 2.461 Collecting scipy==1.17.0
#7 2.541   Downloading scipy-1.17.0-cp313-cp313-manylinux_2_27_aarch64.manylinux_2_28_aarch64.whl.metadata (62 kB)
#7 2.660 Downloading numpy-2.3.4-cp313-cp313-manylinux_2_27_aarch64.manylinux_2_28_aarch64.whl (14.3 MB)
#7 3.976    ━━━━━━━━━━━━━━━━━━━━━━━━━━━━━━━━━━━━━━━━ 14.3/14.3 MB 11.4 MB/s  0:00:01
#7 4.058 Downloading scipy-1.17.0-cp313-cp313-manylinux_2_27_aarch64.manylinux_2_28_aarch64.whl (32.7 MB)
#7 7.019    ━━━━━━━━━━━━━━━━━━━━━━━━━━━━━━━━━━━━━━━━ 32.7/32.7 MB 11.0 MB/s  0:00:02
#7 7.136 Installing collected packages: numpy, scipy
#7 9.734 
#7 9.735 Successfully installed numpy-2.3.4 scipy-1.17.0
#7 9.735 WARNING: Running pip as the 'root' user can result in broken permissions and conflicting behaviour with the system package manager, possibly rendering your system unusable. It is recommended to use a virtual environment instead: https://pip.pypa.io/warnings/venv. Use the --root-user-action option if you know what you are doing and want to suppress this warning.
#7 DONE 10.0s

#8 [4/8] WORKDIR /app
#8 DONE 0.0s

#9 [5/8] COPY data /app/data
#9 DONE 0.0s

#10 [6/8] COPY planner /app/planner
#10 DONE 0.0s

#11 [7/8] COPY dispatch.py /app/dispatch.py
#11 DONE 0.0s

#12 [8/8] RUN mkdir -p /output
#12 DONE 0.1s

#13 exporting to image
#13 exporting layers
#13 exporting layers 3.8s done
#13 exporting manifest sha256:ac40ff0b82d625491bd3f7e17b2b8d2543467ecd4bbb7026e916387c8f6a5e0d
#13 exporting manifest sha256:ac40ff0b82d625491bd3f7e17b2b8d2543467ecd4bbb7026e916387c8f6a5e0d done
#13 exporting config sha256:32292a370ebe1ab21d00ac0f136f36d50aa22ad272368b0be2577a5fcf92f94c done
#13 exporting attestation manifest sha256:b91410d73ed84e3305e26d3ee79b290230d2670f3341d3c7969187cbfc2a2e60 done
#13 exporting manifest list sha256:a3cd9ebd6530b7b0441a3199248ed085ce78621d40e5e6b6fe42ce710d301392 done
#13 naming to docker.io/library/ecd-final-check-environment:latest done
#13 unpacking to docker.io/library/ecd-final-check-environment:latest
#13 unpacking to docker.io/library/ecd-final-check-environment:latest 1.7s done
#13 DONE 5.5s
== exit 0
== docker build --no-cache staging/energy-centre-dispatch/tests
#0 building with "desktop-linux" instance using docker driver

#1 [internal] load build definition from Dockerfile
#1 transferring dockerfile: 698B done
#1 DONE 0.0s

#2 [internal] load metadata for docker.io/library/python:3.13-slim-bookworm@sha256:a1165e272e578941b84abc79e4ab38a0305cd12803a5c4247979ac7655f4d641
#2 DONE 0.0s

#3 [internal] load .dockerignore
#3 transferring context: 2B done
#3 DONE 0.0s

#4 [1/6] FROM docker.io/library/python:3.13-slim-bookworm@sha256:a1165e272e578941b84abc79e4ab38a0305cd12803a5c4247979ac7655f4d641
#4 resolve docker.io/library/python:3.13-slim-bookworm@sha256:a1165e272e578941b84abc79e4ab38a0305cd12803a5c4247979ac7655f4d641 done
#4 CACHED

#5 [internal] load build context
#5 transferring context: 1.28kB done
#5 DONE 0.0s

#6 [2/6] RUN pip install --no-cache-dir numpy==2.3.4 scipy==1.17.0 pytest==9.1.1 pytest-json-ctrf==0.5.2
#6 1.700 Collecting numpy==2.3.4
#6 2.052   Downloading numpy-2.3.4-cp313-cp313-manylinux_2_27_aarch64.manylinux_2_28_aarch64.whl.metadata (62 kB)
#6 2.273 Collecting scipy==1.17.0
#6 2.351   Downloading scipy-1.17.0-cp313-cp313-manylinux_2_27_aarch64.manylinux_2_28_aarch64.whl.metadata (62 kB)
#6 2.478 Collecting pytest==9.1.1
#6 2.557   Downloading pytest-9.1.1-py3-none-any.whl.metadata (7.6 kB)
#6 2.639 Collecting pytest-json-ctrf==0.5.2
#6 2.724   Downloading pytest_json_ctrf-0.5.2-py3-none-any.whl.metadata (4.2 kB)
#6 2.808 Collecting iniconfig>=1.0.1 (from pytest==9.1.1)
#6 2.887   Downloading iniconfig-2.3.1-py3-none-any.whl.metadata (2.8 kB)
#6 2.974 Collecting packaging>=22 (from pytest==9.1.1)
#6 3.053   Downloading packaging-26.3-py3-none-any.whl.metadata (3.5 kB)
#6 3.135 Collecting pluggy<2,>=1.5 (from pytest==9.1.1)
#6 3.215   Downloading pluggy-1.6.0-py3-none-any.whl.metadata (4.8 kB)
#6 3.302 Collecting pygments>=2.7.2 (from pytest==9.1.1)
#6 3.380   Downloading pygments-2.21.0-py3-none-any.whl.metadata (2.5 kB)
#6 3.467 Downloading numpy-2.3.4-cp313-cp313-manylinux_2_27_aarch64.manylinux_2_28_aarch64.whl (14.3 MB)
#6 4.820    ━━━━━━━━━━━━━━━━━━━━━━━━━━━━━━━━━━━━━━━━ 14.3/14.3 MB 11.0 MB/s  0:00:01
#6 4.905 Downloading scipy-1.17.0-cp313-cp313-manylinux_2_27_aarch64.manylinux_2_28_aarch64.whl (32.7 MB)
#6 7.769    ━━━━━━━━━━━━━━━━━━━━━━━━━━━━━━━━━━━━━━━━ 32.7/32.7 MB 11.4 MB/s  0:00:02
#6 7.851 Downloading pytest-9.1.1-py3-none-any.whl (386 kB)
#6 8.012 Downloading pytest_json_ctrf-0.5.2-py3-none-any.whl (7.4 kB)
#6 8.089 Downloading pluggy-1.6.0-py3-none-any.whl (20 kB)
#6 8.169 Downloading iniconfig-2.3.1-py3-none-any.whl (7.6 kB)
#6 8.250 Downloading packaging-26.3-py3-none-any.whl (129 kB)
#6 8.351 Downloading pygments-2.21.0-py3-none-any.whl (1.3 MB)
#6 8.523    ━━━━━━━━━━━━━━━━━━━━━━━━━━━━━━━━━━━━━━━━ 1.3/1.3 MB 8.0 MB/s  0:00:00
#6 8.625 Installing collected packages: pygments, pluggy, packaging, numpy, iniconfig, scipy, pytest, pytest-json-ctrf
#6 11.62 
#6 11.62 Successfully installed iniconfig-2.3.1 numpy-2.3.4 packaging-26.3 pluggy-1.6.0 pygments-2.21.0 pytest-9.1.1 pytest-json-ctrf-0.5.2 scipy-1.17.0
#6 11.62 WARNING: Running pip as the 'root' user can result in broken permissions and conflicting behaviour with the system package manager, possibly rendering your system unusable. It is recommended to use a virtual environment instead: https://pip.pypa.io/warnings/venv. Use the --root-user-action option if you know what you are doing and want to suppress this warning.
#6 DONE 11.9s

#7 [3/6] COPY . /tests/
#7 DONE 0.0s

#8 [4/6] RUN chown -R root:root /tests && chmod -R go-rwx /tests
#8 DONE 0.1s

#9 [5/6] RUN mkdir -p /app /logs/verifier
#9 DONE 0.1s

#10 [6/6] WORKDIR /tests
#10 DONE 0.0s

#11 exporting to image
#11 exporting layers
#11 exporting layers 3.2s done
#11 exporting manifest sha256:3504abd0530025e7e57a1120fb680ec281b26f50a0d085102e4ad70d09b5de5c
#11 exporting manifest sha256:3504abd0530025e7e57a1120fb680ec281b26f50a0d085102e4ad70d09b5de5c done
#11 exporting config sha256:04dba3e965257791c557cdc4955e951bc200d2502dda04c82064f457de433f6d done
#11 exporting attestation manifest sha256:1da8f2707a0c0667e00f662c36d1b51969297bc948064ff5aea84e5d476fb3f1 done
#11 exporting manifest list sha256:549002c9a182ad409efda697a66f73f2c3b1b5181850cf0c4300b882dfc06cd9 done
#11 naming to docker.io/library/ecd-final-check-tests:latest done
#11 unpacking to docker.io/library/ecd-final-check-tests:latest
#11 unpacking to docker.io/library/ecd-final-check-tests:latest 0.6s done
#11 DONE 3.8s
== exit 0
